常一线产率,常二线产率,常三线产率
0.122,0.147,0.035
0.108,0.159,0.045
0.121,0.152,0.035
0.12,0.155,0.036
0.111,0.161,0.055
0.11,0.159,0.052
0.105,0.159,0.06
0.108,0.162,0.046
0.119,0.145,0.055
0.114,0.155,0.048
0.113,0.15,0.06
0.111,0.161,0.057
0.108,0.161,0.042
0.112,0.153,0.04
0.111,0.153,0.038
0.128,0.153,0.061
0.111,0.163,0.053
0.131,0.153,0.062
0.109,0.163,0.055
0.126,0.151,0.033
0.121,0.148,0.036
0.119,0.144,0.046
0.115,0.154,0.036
0.122,0.151,0.037
0.124,0.149,0.056
0.108,0.161,0.055
0.122,0.146,0.037
0.124,0.147,0.033
0.125,0.15,0.034
0.121,0.153,0.06
0.116,0.155,0.038
0.124,0.147,0.027
0.122,0.142,0.052
0.121,0.151,0.036
0.12,0.147,0.042
0.102,0.163,0.065
0.121,0.143,0.033
0.127,0.152,0.062
0.113,0.153,0.041
0.121,0.152,0.034
0.12,0.143,0.052
0.126,0.155,0.056
0.116,0.145,0.051
0.124,0.151,0.037
0.108,0.163,0.04
0.123,0.15,0.064
0.098,0.161,0.061
0.114,0.15,0.048
0.104,0.165,0.042
0.113,0.15,0.055
0.108,0.159,0.056
0.111,0.148,0.04
0.117,0.157,0.061
0.109,0.162,0.051
0.118,0.154,0.063
0.118,0.149,0.064
0.105,0.16,0.047
0.119,0.145,0.051
0.108,0.165,0.042
0.114,0.157,0.048
0.106,0.16,0.05
0.11,0.159,0.052
0.106,0.161,0.04
0.114,0.153,0.055
0.106,0.16,0.041
0.115,0.154,0.061
0.118,0.152,0.056
0.111,0.15,0.049
0.11,0.141,0.046
0.114,0.159,0.048
0.119,0.152,0.066
0.114,0.159,0.052
0.112,0.157,0.049
0.12,0.152,0.06
0.109,0.165,0.053
0.126,0.143,0.036
0.11,0.156,0.045
0.121,0.146,0.03
0.105,0.162,0.065
0.11,0.153,0.047
0.129,0.154,0.061
0.123,0.147,0.034
0.111,0.157,0.05
0.113,0.161,0.055
0.123,0.143,0.036
0.121,0.145,0.036
0.119,0.149,0.032
0.122,0.153,0.053
0.122,0.147,0.032
0.119,0.148,0.034
0.116,0.148,0.038
0.122,0.158,0.056
0.122,0.149,0.038
0.124,0.142,0.032
0.121,0.149,0.039
0.114,0.153,0.059
0.107,0.162,0.045
0.111,0.159,0.047
0.121,0.152,0.062
0.105,0.153,0.05
0.119,0.151,0.035
0.109,0.165,0.042
0.115,0.142,0.052
0.111,0.155,0.052
0.115,0.156,0.037
0.111,0.147,0.051
0.109,0.159,0.04
0.124,0.146,0.034
0.113,0.161,0.051
0.111,0.161,0.052
0.114,0.156,0.036
0.115,0.152,0.044
0.097,0.158,0.057
0.126,0.152,0.032
0.108,0.159,0.051
0.11,0.159,0.049
0.118,0.15,0.035
0.109,0.166,0.052
0.115,0.151,0.06
0.111,0.154,0.066
0.118,0.144,0.052
0.114,0.153,0.05
0.11,0.148,0.058
0.124,0.156,0.059
0.108,0.159,0.051
0.122,0.148,0.038
0.115,0.146,0.047
0.105,0.161,0.06
0.118,0.149,0.034
0.116,0.151,0.061
0.118,0.158,0.035
0.117,0.149,0.034
0.123,0.143,0.054
0.127,0.151,0.065
0.131,0.158,0.066
0.101,0.161,0.057
0.117,0.142,0.058
0.123,0.145,0.036
0.115,0.148,0.039
0.118,0.145,0.04
0.111,0.151,0.038
0.103,0.166,0.043
0.122,0.143,0.043
0.113,0.152,0.051
0.106,0.163,0.046
0.121,0.14,0.033
0.117,0.161,0.049
0.115,0.158,0.063
0.112,0.161,0.048
0.121,0.156,0.059
0.124,0.148,0.037
0.108,0.159,0.055
0.129,0.154,0.064
0.1,0.164,0.061
0.112,0.164,0.054
0.127,0.155,0.059
0.126,0.15,0.065
0.114,0.149,0.064
0.119,0.148,0.058
0.109,0.157,0.051
0.116,0.151,0.052
0.106,0.158,0.046
0.116,0.159,0.055
0.109,0.165,0.041
0.116,0.162,0.058
0.122,0.143,0.031
0.126,0.145,0.033
0.122,0.15,0.04
0.117,0.146,0.057
0.11,0.161,0.048
0.116,0.149,0.041
0.113,0.153,0.054
0.113,0.16,0.054
0.112,0.155,0.054
0.115,0.165,0.048
0.116,0.149,0.039
0.12,0.154,0.056
0.109,0.155,0.048
0.129,0.154,0.064
0.118,0.155,0.034
0.125,0.155,0.066
0.106,0.16,0.059
0.117,0.153,0.059
0.123,0.147,0.038
0.113,0.16,0.053
0.122,0.142,0.054
0.106,0.157,0.04
0.114,0.153,0.035
0.114,0.15,0.053
0.111,0.16,0.05
0.127,0.145,0.033
0.122,0.149,0.034
0.122,0.149,0.035
0.117,0.158,0.051
0.113,0.156,0.06
0.12,0.148,0.038
0.108,0.163,0.04
0.116,0.15,0.04
0.128,0.146,0.033
0.114,0.151,0.065
0.125,0.153,0.061
0.109,0.147,0.035
0.101,0.161,0.065
0.122,0.147,0.037
0.122,0.15,0.033
0.115,0.164,0.051
0.105,0.16,0.049
0.119,0.144,0.035
0.109,0.145,0.05
0.116,0.157,0.056
0.12,0.149,0.041
0.113,0.144,0.055
0.111,0.141,0.053
0.122,0.15,0.039
0.111,0.166,0.04
0.114,0.156,0.049
0.108,0.168,0.048
0.103,0.162,0.06
0.116,0.156,0.063
0.114,0.155,0.039
0.103,0.16,0.059
0.112,0.162,0.05
0.115,0.158,0.035
0.123,0.144,0.027
0.125,0.15,0.065
0.11,0.16,0.052
0.113,0.15,0.052
0.122,0.146,0.036
0.115,0.153,0.032
0.122,0.152,0.036
0.118,0.142,0.052
0.122,0.143,0.032
0.123,0.146,0.036
0.121,0.149,0.036
0.118,0.153,0.038
0.105,0.158,0.042
0.125,0.155,0.062
0.109,0.156,0.054
0.109,0.16,0.049
0.111,0.166,0.044
0.118,0.143,0.05
0.105,0.165,0.062
0.123,0.147,0.042
0.121,0.148,0.036
0.121,0.153,0.04
0.123,0.153,0.058
0.11,0.164,0.05
0.109,0.162,0.053
0.113,0.149,0.049
0.118,0.155,0.042
0.103,0.159,0.059
0.116,0.158,0.048
0.107,0.158,0.054
0.111,0.138,0.052
0.113,0.162,0.048
0.119,0.15,0.059
0.116,0.15,0.043
0.116,0.159,0.052
0.115,0.163,0.052
0.109,0.161,0.052
0.105,0.158,0.052
0.112,0.16,0.049
0.12,0.144,0.037
0.113,0.146,0.052
0.103,0.158,0.045
0.115,0.156,0.045
0.109,0.16,0.05
0.107,0.163,0.061
0.119,0.156,0.049
0.106,0.158,0.052
0.119,0.152,0.041
0.106,0.162,0.042
0.114,0.147,0.066
0.126,0.151,0.064
0.105,0.163,0.052
0.114,0.153,0.042
0.107,0.162,0.061
0.114,0.149,0.041
0.108,0.158,0.044
0.112,0.14,0.057
0.105,0.159,0.043
0.116,0.151,0.038
0.12,0.147,0.05
0.122,0.149,0.035
0.121,0.148,0.052
0.121,0.153,0.04
0.117,0.146,0.036
0.108,0.159,0.041
0.111,0.163,0.054
0.114,0.162,0.047
0.123,0.157,0.066
0.124,0.145,0.033
0.111,0.157,0.047
0.112,0.155,0.058
0.113,0.16,0.054
0.119,0.145,0.035
0.118,0.154,0.062
0.107,0.166,0.042
0.105,0.158,0.051
0.113,0.157,0.039
0.1,0.161,0.044
0.125,0.15,0.058
0.114,0.155,0.05
0.107,0.165,0.047
0.119,0.149,0.037
0.118,0.142,0.05
0.12,0.152,0.031
0.103,0.162,0.044
0.121,0.147,0.033
0.113,0.15,0.052
0.115,0.157,0.049
0.102,0.165,0.061
0.124,0.15,0.067
0.111,0.157,0.035
0.12,0.149,0.061
0.12,0.144,0.035
0.111,0.152,0.044
0.114,0.165,0.054
0.103,0.161,0.042
0.113,0.152,0.059
0.12,0.147,0.038
0.124,0.151,0.066
0.112,0.141,0.052
0.124,0.147,0.036
0.1,0.164,0.065
0.12,0.145,0.036
0.106,0.156,0.041
0.12,0.145,0.05
0.12,0.156,0.041
0.121,0.151,0.035
0.104,0.162,0.043
0.114,0.147,0.049
0.106,0.164,0.042
0.115,0.154,0.045
0.111,0.165,0.045
0.103,0.158,0.059
0.118,0.146,0.052
0.114,0.15,0.039
0.109,0.163,0.048
0.11,0.163,0.042
0.125,0.145,0.033
0.103,0.158,0.062
0.115,0.157,0.052
0.114,0.142,0.05
0.116,0.153,0.041
0.109,0.158,0.054
0.111,0.159,0.051
0.121,0.144,0.052
0.122,0.145,0.051
0.112,0.158,0.052
0.117,0.152,0.062
0.121,0.149,0.036
0.116,0.15,0.055
0.11,0.158,0.048
0.105,0.156,0.051
0.11,0.163,0.054
0.107,0.16,0.05
0.118,0.15,0.04
0.111,0.159,0.056
0.104,0.162,0.037
0.11,0.159,0.048
0.122,0.142,0.04
0.111,0.159,0.049
0.128,0.146,0.031
0.119,0.15,0.055
0.113,0.162,0.043
0.11,0.161,0.048
0.118,0.14,0.036
0.109,0.164,0.056
0.126,0.148,0.035
0.12,0.147,0.04
0.128,0.15,0.064
0.114,0.157,0.052
0.112,0.164,0.044
0.108,0.151,0.061
0.109,0.165,0.038
0.119,0.145,0.037
0.115,0.148,0.052
0.122,0.144,0.038
0.12,0.146,0.042
0.114,0.153,0.053
0.114,0.159,0.059
0.106,0.161,0.062
0.121,0.152,0.033
0.111,0.16,0.051
0.1,0.161,0.063
0.113,0.16,0.057
0.124,0.146,0.051
0.119,0.152,0.037
0.109,0.165,0.041
0.12,0.154,0.057
0.104,0.163,0.045
0.118,0.143,0.054
0.102,0.164,0.061
0.112,0.163,0.048
0.124,0.144,0.033
0.123,0.154,0.065
0.108,0.16,0.05
0.111,0.156,0.041
0.114,0.154,0.039
0.105,0.161,0.064
0.107,0.159,0.054
0.118,0.146,0.051
0.116,0.147,0.053
0.112,0.154,0.045
0.114,0.16,0.055
0.11,0.156,0.049
0.105,0.163,0.054
0.108,0.162,0.058
0.121,0.15,0.034
0.105,0.162,0.062
0.113,0.156,0.062
0.116,0.152,0.038
0.126,0.158,0.063
0.105,0.154,0.051
0.119,0.148,0.05
0.116,0.149,0.038
0.117,0.147,0.035
0.11,0.16,0.047
0.127,0.148,0.037
0.113,0.145,0.045
0.113,0.164,0.051
0.116,0.156,0.036
0.118,0.149,0.059
0.13,0.142,0.036
0.112,0.154,0.045
0.124,0.151,0.061
0.112,0.16,0.053
0.124,0.144,0.057
0.116,0.147,0.054
0.105,0.161,0.055
0.119,0.144,0.034
0.116,0.156,0.051
0.114,0.156,0.054
0.119,0.151,0.038
0.119,0.151,0.049
0.113,0.153,0.059
0.116,0.154,0.052
0.126,0.146,0.053
0.117,0.143,0.053
0.101,0.162,0.059
0.113,0.156,0.052
0.109,0.152,0.047
0.117,0.156,0.061
0.106,0.165,0.05
0.12,0.155,0.051
0.1,0.162,0.057
0.124,0.149,0.064
0.127,0.14,0.032
0.111,0.144,0.058
0.121,0.153,0.041
0.119,0.149,0.039
0.109,0.16,0.058
0.119,0.139,0.045
0.121,0.147,0.052
0.116,0.153,0.037
0.117,0.152,0.05
0.119,0.14,0.031
0.12,0.154,0.064
0.109,0.149,0.065
0.113,0.146,0.051
0.118,0.155,0.038
0.099,0.162,0.063
0.122,0.152,0.037
0.116,0.156,0.05
0.112,0.167,0.057
0.104,0.161,0.05
0.119,0.15,0.039
0.11,0.153,0.052
0.105,0.154,0.036
0.128,0.155,0.062
0.108,0.151,0.041
0.109,0.156,0.058
0.099,0.158,0.059
0.12,0.148,0.033
0.104,0.164,0.039
0.115,0.154,0.056
0.125,0.151,0.039
0.119,0.146,0.046
0.111,0.147,0.056
0.116,0.16,0.051
0.122,0.149,0.061
0.115,0.158,0.049
0.119,0.152,0.033
0.112,0.151,0.057
0.099,0.159,0.041
0.112,0.153,0.05
0.128,0.156,0.061
0.116,0.146,0.046
0.121,0.149,0.039
0.117,0.143,0.054
0.117,0.141,0.052
0.121,0.141,0.053
0.112,0.15,0.056
0.106,0.16,0.044
0.123,0.151,0.035
0.113,0.16,0.05
0.117,0.153,0.039
0.115,0.153,0.053
0.101,0.164,0.041
0.105,0.162,0.041
0.124,0.145,0.034
0.103,0.161,0.061
0.108,0.163,0.058
0.112,0.161,0.05
0.117,0.147,0.047
0.12,0.141,0.035
0.119,0.142,0.04
0.126,0.154,0.036
0.1,0.168,0.056
0.103,0.161,0.046
0.107,0.163,0.049
0.114,0.141,0.051
0.114,0.15,0.035
0.117,0.147,0.039
0.124,0.148,0.032
0.117,0.144,0.051
0.116,0.148,0.054
0.111,0.154,0.049
0.115,0.143,0.048
0.12,0.152,0.038
0.122,0.148,0.032
0.126,0.161,0.064
0.131,0.153,0.061
0.121,0.148,0.036
0.108,0.158,0.042
0.107,0.162,0.053
0.124,0.148,0.035
0.102,0.16,0.043
0.124,0.153,0.036
0.126,0.148,0.03
0.109,0.16,0.052
0.119,0.152,0.034
0.123,0.155,0.056
0.113,0.15,0.053
0.127,0.158,0.061
0.115,0.159,0.053
0.112,0.145,0.048
0.115,0.15,0.04
0.106,0.161,0.053
0.112,0.162,0.049
0.114,0.151,0.05
0.125,0.148,0.037
0.118,0.15,0.032
0.114,0.144,0.051
0.116,0.15,0.039
0.117,0.155,0.062
0.108,0.16,0.049
0.126,0.142,0.035
0.121,0.155,0.036
0.106,0.159,0.055
0.119,0.156,0.058
0.125,0.142,0.035
0.114,0.153,0.053
0.121,0.143,0.033
0.098,0.159,0.065
0.115,0.163,0.052
0.124,0.147,0.039
0.118,0.153,0.05
0.114,0.14,0.048
0.115,0.151,0.062
0.121,0.149,0.054
0.105,0.163,0.052
0.111,0.159,0.048
0.122,0.154,0.046
0.127,0.141,0.033
0.104,0.163,0.06
0.116,0.145,0.05
0.101,0.157,0.045
0.121,0.147,0.035
0.108,0.152,0.052
0.107,0.152,0.051
0.104,0.158,0.055
0.107,0.16,0.043
0.108,0.158,0.053
0.123,0.145,0.053
0.111,0.154,0.053
0.106,0.161,0.058
0.12,0.143,0.05
0.108,0.16,0.052
0.12,0.14,0.036
0.102,0.164,0.066
0.111,0.156,0.052
0.113,0.151,0.048
0.122,0.142,0.052
0.11,0.162,0.052
0.116,0.141,0.053
0.116,0.155,0.06
0.123,0.152,0.036
0.109,0.157,0.054
0.128,0.153,0.06
0.115,0.157,0.055
0.111,0.16,0.046
0.12,0.147,0.035
0.122,0.15,0.037
0.124,0.149,0.032
0.113,0.151,0.059
0.114,0.153,0.037
0.113,0.157,0.032
0.127,0.152,0.063
0.127,0.153,0.063
0.119,0.163,0.051
0.121,0.145,0.05
0.124,0.148,0.035
0.112,0.154,0.034
0.109,0.151,0.038
0.097,0.159,0.062
0.123,0.143,0.033
0.113,0.159,0.046
0.113,0.164,0.057
0.118,0.153,0.063
0.118,0.154,0.039
0.123,0.146,0.031
0.116,0.161,0.052
0.114,0.156,0.043
0.116,0.144,0.052
0.115,0.152,0.033
0.101,0.162,0.04
0.105,0.159,0.057
0.105,0.163,0.052
0.127,0.145,0.033
0.121,0.141,0.05
0.111,0.161,0.056
0.113,0.158,0.057
0.114,0.153,0.058
0.115,0.156,0.051
0.105,0.163,0.052
0.114,0.156,0.051
0.12,0.139,0.048
0.112,0.161,0.05
0.127,0.153,0.063
0.106,0.159,0.043
0.103,0.163,0.046
0.111,0.162,0.049
0.096,0.159,0.061
0.115,0.161,0.053
0.12,0.149,0.038
0.118,0.145,0.054
0.114,0.148,0.053
0.116,0.149,0.037
0.107,0.159,0.055
0.115,0.165,0.047
0.11,0.16,0.049
0.101,0.164,0.059
0.107,0.155,0.046
0.119,0.147,0.051
0.121,0.156,0.034
0.115,0.155,0.04
0.113,0.153,0.042
0.107,0.167,0.066
0.123,0.148,0.033
0.128,0.153,0.063
0.113,0.153,0.038
0.111,0.16,0.051
0.113,0.144,0.049
0.113,0.145,0.051
0.098,0.166,0.065
0.122,0.145,0.053
0.114,0.136,0.047
0.123,0.15,0.036
0.106,0.162,0.062
0.111,0.162,0.049
0.121,0.151,0.039
0.113,0.157,0.038
0.104,0.164,0.057
0.114,0.159,0.05
0.116,0.158,0.053
0.118,0.143,0.053
0.125,0.147,0.035
0.127,0.147,0.034
0.113,0.15,0.06
0.118,0.14,0.034
0.118,0.143,0.037
0.114,0.146,0.049
0.125,0.147,0.033
0.118,0.146,0.047
0.119,0.148,0.06
0.131,0.148,0.064
0.126,0.15,0.031
0.11,0.165,0.038
0.118,0.15,0.061
0.121,0.147,0.038
0.111,0.157,0.056
0.124,0.153,0.037
0.111,0.153,0.047
0.119,0.146,0.041
0.116,0.161,0.051
0.121,0.154,0.058
0.117,0.145,0.048
0.109,0.156,0.048
0.112,0.142,0.05
0.103,0.162,0.063
0.111,0.16,0.054
0.118,0.146,0.057
0.103,0.161,0.041
0.107,0.158,0.05
0.114,0.157,0.052
0.111,0.16,0.054
0.112,0.14,0.052
0.114,0.157,0.054
0.114,0.144,0.041
0.121,0.15,0.032
0.12,0.152,0.036
0.126,0.155,0.035
0.127,0.149,0.058
0.122,0.152,0.04
0.111,0.163,0.053
0.123,0.147,0.036
0.101,0.163,0.04
0.115,0.158,0.05
0.123,0.144,0.047
0.113,0.157,0.053
0.113,0.159,0.05
0.112,0.143,0.054
0.109,0.144,0.049
0.121,0.142,0.03
0.134,0.154,0.062
0.113,0.144,0.055
0.117,0.151,0.053
0.121,0.146,0.064
0.112,0.158,0.053
0.118,0.144,0.035
0.115,0.155,0.05
0.117,0.145,0.054
0.114,0.15,0.056
0.117,0.147,0.035
0.105,0.161,0.062
0.109,0.157,0.054
0.109,0.157,0.053
0.126,0.152,0.037
0.122,0.15,0.038
0.128,0.153,0.035
0.116,0.151,0.035
0.119,0.146,0.036
0.115,0.166,0.046
0.108,0.161,0.053
0.117,0.15,0.04
0.117,0.144,0.049
0.111,0.153,0.051
0.107,0.164,0.04
0.125,0.151,0.038
0.118,0.144,0.054
0.116,0.152,0.046
0.124,0.155,0.063
0.105,0.16,0.062
0.107,0.158,0.046
0.121,0.152,0.038
0.117,0.141,0.052
0.119,0.149,0.032
0.115,0.143,0.049
0.122,0.144,0.038
0.093,0.161,0.061
0.107,0.164,0.049
0.122,0.152,0.037
0.11,0.15,0.047
0.108,0.16,0.052
0.099,0.159,0.065
0.121,0.147,0.038
0.129,0.144,0.032
0.112,0.161,0.051
0.124,0.144,0.031
0.121,0.146,0.051
0.122,0.154,0.062
0.119,0.151,0.04
0.114,0.152,0.04
0.123,0.139,0.036
0.118,0.147,0.05
0.123,0.146,0.035
0.111,0.161,0.053
0.115,0.162,0.047
0.118,0.149,0.057
0.109,0.165,0.063
0.108,0.161,0.051
0.125,0.144,0.04
0.118,0.145,0.049
0.117,0.157,0.029
0.125,0.157,0.059
0.105,0.163,0.039
0.113,0.151,0.06
0.119,0.147,0.048
0.11,0.158,0.051
0.107,0.162,0.04
0.115,0.156,0.051
0.11,0.158,0.051
0.121,0.144,0.038
0.111,0.149,0.051
0.122,0.154,0.066
0.105,0.156,0.054
0.125,0.14,0.033
0.117,0.154,0.047
0.109,0.158,0.049
0.106,0.16,0.048
0.101,0.157,0.065
0.12,0.139,0.053
0.116,0.154,0.056
0.127,0.141,0.031
0.126,0.148,0.039
0.113,0.155,0.037
0.113,0.15,0.062
0.107,0.16,0.049
0.124,0.145,0.037
0.114,0.162,0.061
0.122,0.149,0.042
0.118,0.145,0.053
0.107,0.164,0.046
0.108,0.165,0.061
0.116,0.147,0.035
0.127,0.146,0.037
0.111,0.157,0.052
0.12,0.149,0.039
0.125,0.153,0.063
0.11,0.157,0.048
0.118,0.147,0.048
0.121,0.145,0.038
0.105,0.166,0.038
0.123,0.141,0.037
0.118,0.145,0.053
0.118,0.156,0.052
0.113,0.158,0.034
0.107,0.162,0.058
0.119,0.144,0.052
0.128,0.154,0.063
0.113,0.155,0.049
0.123,0.146,0.038
0.104,0.16,0.065
0.108,0.163,0.054
0.121,0.15,0.029
0.116,0.154,0.06
0.115,0.154,0.049
0.128,0.147,0.033
0.115,0.148,0.049
0.118,0.156,0.037
0.111,0.156,0.049
0.11,0.155,0.05
0.117,0.16,0.045
0.102,0.158,0.059
0.125,0.148,0.034
0.115,0.158,0.052
0.112,0.156,0.041
0.124,0.154,0.058
0.115,0.158,0.064
0.111,0.149,0.038
0.1,0.162,0.064
0.111,0.162,0.049
0.115,0.155,0.034
0.119,0.144,0.049
0.122,0.14,0.029
0.118,0.156,0.043
0.111,0.152,0.054
0.118,0.148,0.05
0.135,0.15,0.063
0.12,0.145,0.052
0.125,0.143,0.033
0.118,0.149,0.039
0.106,0.16,0.046
0.126,0.152,0.065
0.114,0.155,0.048
0.123,0.145,0.055
0.113,0.16,0.051
0.126,0.151,0.06
0.106,0.162,0.057
0.115,0.15,0.041
0.114,0.158,0.052
0.109,0.157,0.051
0.112,0.163,0.054
0.111,0.16,0.05
0.112,0.144,0.049
0.104,0.167,0.041
0.112,0.153,0.061
0.107,0.165,0.038
0.115,0.151,0.035
0.126,0.142,0.037
0.108,0.161,0.052
0.118,0.143,0.052
0.118,0.153,0.066
0.119,0.153,0.054
0.116,0.151,0.061
0.101,0.165,0.058
0.119,0.149,0.038
0.126,0.149,0.061
0.111,0.158,0.051
0.112,0.158,0.064
0.11,0.16,0.046
0.108,0.161,0.043
0.116,0.148,0.053
0.121,0.148,0.034
0.124,0.154,0.06
0.121,0.149,0.038
0.103,0.164,0.041
0.106,0.155,0.048
0.114,0.151,0.062
0.114,0.146,0.05
0.113,0.149,0.065
0.11,0.161,0.052
0.107,0.16,0.041
0.121,0.146,0.053
0.117,0.139,0.045
0.108,0.144,0.052
0.108,0.154,0.051
0.128,0.145,0.033
0.125,0.142,0.054
0.106,0.16,0.051
0.105,0.166,0.062
0.115,0.156,0.053
0.119,0.152,0.06
0.11,0.162,0.049
0.115,0.155,0.042
0.105,0.169,0.061
0.097,0.159,0.065
0.109,0.155,0.062
0.127,0.143,0.033
0.115,0.163,0.052
0.122,0.144,0.034
0.111,0.153,0.048
0.121,0.156,0.061
0.111,0.163,0.051
0.122,0.148,0.051
0.115,0.147,0.052
0.107,0.157,0.055
0.107,0.157,0.055
0.111,0.16,0.05
0.117,0.15,0.042
0.117,0.158,0.039
0.112,0.161,0.055
0.118,0.141,0.055
0.113,0.145,0.051
0.108,0.153,0.052
0.118,0.154,0.05
0.116,0.147,0.046
0.121,0.158,0.064
0.11,0.167,0.054
0.113,0.159,0.053
0.115,0.149,0.057
0.113,0.143,0.049
0.104,0.162,0.046
0.101,0.166,0.064
0.109,0.153,0.052
0.122,0.155,0.056
0.123,0.154,0.035
0.122,0.147,0.032
0.118,0.147,0.035
0.104,0.16,0.044
0.117,0.143,0.056
0.127,0.151,0.068
0.111,0.152,0.062
0.12,0.148,0.053
0.102,0.161,0.06
0.124,0.145,0.053
0.126,0.144,0.037
0.114,0.156,0.056
0.123,0.149,0.059
0.12,0.143,0.038
0.121,0.147,0.032
0.129,0.147,0.034
0.12,0.149,0.048
0.114,0.152,0.04
0.114,0.15,0.049
0.112,0.163,0.047
0.128,0.156,0.062
0.095,0.162,0.063
0.12,0.138,0.05
0.109,0.159,0.046
0.115,0.154,0.055
0.119,0.148,0.036
0.11,0.158,0.052
0.114,0.161,0.054
0.122,0.144,0.059
0.11,0.16,0.053
0.098,0.163,0.06
0.105,0.164,0.039
0.122,0.149,0.039
0.125,0.155,0.04
0.111,0.161,0.05
0.107,0.164,0.064
0.122,0.146,0.054
0.121,0.144,0.035
0.12,0.155,0.05
0.106,0.162,0.066
0.115,0.146,0.051
0.115,0.159,0.044
0.126,0.145,0.035
0.109,0.159,0.054
0.111,0.158,0.049
0.109,0.16,0.052
0.111,0.162,0.055
0.11,0.159,0.048
0.119,0.145,0.03
0.118,0.153,0.039
0.101,0.163,0.061
0.111,0.154,0.053
0.107,0.156,0.047
0.12,0.146,0.052
0.12,0.151,0.033
0.109,0.158,0.049
0.12,0.144,0.048
0.107,0.161,0.044
0.117,0.152,0.061
0.119,0.147,0.038
0.122,0.144,0.049
0.115,0.145,0.052
0.111,0.161,0.046
0.124,0.15,0.066
0.107,0.161,0.05
0.12,0.149,0.06
0.119,0.146,0.033
0.105,0.165,0.065
0.112,0.155,0.055
0.113,0.155,0.058
0.128,0.139,0.039
0.113,0.143,0.052
0.115,0.156,0.05
0.114,0.145,0.049
0.104,0.163,0.065
0.122,0.148,0.054
0.115,0.149,0.051
0.115,0.152,0.04
0.124,0.149,0.035
0.111,0.162,0.056
0.113,0.159,0.053
0.101,0.163,0.048
0.113,0.148,0.049
0.121,0.15,0.039
0.112,0.153,0.039
0.102,0.164,0.064
0.115,0.149,0.057
0.118,0.15,0.036
0.109,0.157,0.051
0.117,0.146,0.053
0.104,0.166,0.045
0.118,0.15,0.065
0.122,0.143,0.032
0.107,0.161,0.04
0.125,0.152,0.035
0.117,0.158,0.065
0.113,0.161,0.047
0.121,0.156,0.062
0.119,0.156,0.038
0.108,0.155,0.048
0.124,0.146,0.04
0.123,0.15,0.038
0.098,0.16,0.061
0.117,0.142,0.047
0.112,0.148,0.053
0.113,0.159,0.051
0.111,0.152,0.051
0.117,0.152,0.036
0.124,0.142,0.034
0.123,0.147,0.065
0.114,0.156,0.038
0.115,0.162,0.051
0.117,0.146,0.053
0.111,0.161,0.051
0.107,0.162,0.043
0.125,0.15,0.04
0.106,0.16,0.065
0.114,0.157,0.048
0.095,0.156,0.055
0.116,0.154,0.057
0.111,0.147,0.051
0.127,0.146,0.037
0.113,0.159,0.047
0.101,0.164,0.06
0.121,0.15,0.041
0.116,0.164,0.052
0.123,0.142,0.029
0.116,0.153,0.037
0.112,0.162,0.049
0.119,0.144,0.05
0.115,0.154,0.065
0.129,0.15,0.063
0.114,0.155,0.045
0.117,0.162,0.055
0.115,0.158,0.049
0.111,0.155,0.053
0.122,0.147,0.051
0.104,0.157,0.051
0.117,0.154,0.052
0.111,0.164,0.056
0.111,0.158,0.05
0.112,0.145,0.047
0.108,0.164,0.057
0.121,0.151,0.038
0.121,0.149,0.038
0.124,0.147,0.031
0.109,0.16,0.041
0.125,0.148,0.034
0.116,0.137,0.056
0.11,0.158,0.055
0.112,0.157,0.056
0.105,0.16,0.043
0.109,0.162,0.04
0.12,0.151,0.039
0.11,0.156,0.053
0.126,0.154,0.068
0.116,0.156,0.049
0.126,0.157,0.059
0.116,0.145,0.055
0.122,0.155,0.039
0.101,0.161,0.065
0.114,0.155,0.061
0.125,0.15,0.039
0.113,0.16,0.049
0.106,0.159,0.041
0.11,0.164,0.048
0.125,0.155,0.057
0.107,0.161,0.045
0.111,0.157,0.056
0.115,0.147,0.061
0.109,0.156,0.053
0.122,0.152,0.036
0.119,0.148,0.054
0.11,0.165,0.039
0.123,0.153,0.031
0.117,0.153,0.037
0.122,0.149,0.04
0.113,0.153,0.063
0.109,0.162,0.047
0.114,0.153,0.058
0.122,0.145,0.032
0.126,0.149,0.04
0.124,0.141,0.025
0.117,0.145,0.054
0.122,0.148,0.059
0.115,0.153,0.051
0.109,0.155,0.052
0.111,0.157,0.05
0.118,0.141,0.049
0.121,0.151,0.032
0.105,0.158,0.043
0.119,0.145,0.032
0.124,0.149,0.059
0.106,0.159,0.058
0.115,0.148,0.039
0.115,0.148,0.047
0.124,0.151,0.035
0.114,0.151,0.051
0.106,0.16,0.061
0.112,0.169,0.046
0.113,0.154,0.056
0.126,0.156,0.064
0.109,0.153,0.04
0.124,0.154,0.065
0.108,0.162,0.056
0.111,0.165,0.047
0.118,0.153,0.05
0.113,0.159,0.052
0.111,0.155,0.064
0.116,0.141,0.05
0.116,0.149,0.058
0.119,0.144,0.052
0.099,0.163,0.059
0.111,0.161,0.051
0.114,0.154,0.061
0.12,0.149,0.036
0.108,0.164,0.053
0.116,0.154,0.05
0.11,0.153,0.033
0.115,0.151,0.042
0.114,0.16,0.055
0.103,0.167,0.057
0.106,0.163,0.051
0.11,0.156,0.052
0.116,0.161,0.043
0.104,0.157,0.062
0.121,0.15,0.039
0.118,0.145,0.035
0.121,0.151,0.036
0.122,0.152,0.034
0.117,0.149,0.057
0.111,0.155,0.051
0.125,0.149,0.056
0.112,0.159,0.051
0.118,0.148,0.052
0.123,0.144,0.036
0.113,0.158,0.064
0.099,0.158,0.047
0.108,0.157,0.049
0.116,0.149,0.041
0.106,0.162,0.062
0.124,0.144,0.032
0.115,0.154,0.05
0.116,0.158,0.04
0.12,0.144,0.038
0.111,0.146,0.055
0.108,0.149,0.053
0.119,0.151,0.037
0.123,0.151,0.04
0.113,0.16,0.049
0.115,0.164,0.047
0.106,0.164,0.045
0.12,0.147,0.048
0.122,0.146,0.034
0.128,0.152,0.065
0.118,0.143,0.038
0.119,0.154,0.062
0.102,0.158,0.066
0.11,0.154,0.057
0.119,0.146,0.034
0.1,0.162,0.062
0.11,0.159,0.051
0.103,0.156,0.06
0.11,0.153,0.048
0.112,0.159,0.049
0.101,0.162,0.063
0.102,0.163,0.046
0.119,0.144,0.049
0.124,0.151,0.035
0.113,0.167,0.053
0.119,0.152,0.037
0.109,0.148,0.031
0.114,0.147,0.056
0.112,0.147,0.048
0.118,0.146,0.035
0.109,0.161,0.045
0.107,0.155,0.051
0.121,0.144,0.031
0.106,0.159,0.044
0.11,0.162,0.053
0.124,0.145,0.033
0.102,0.163,0.063
0.105,0.165,0.063
0.125,0.153,0.066
0.119,0.143,0.034
0.114,0.158,0.055
0.118,0.152,0.034
0.103,0.163,0.058
0.112,0.153,0.049
0.119,0.149,0.038
0.115,0.145,0.054
0.116,0.155,0.048
0.122,0.15,0.045
0.114,0.151,0.048
0.112,0.162,0.054
0.122,0.147,0.035
0.116,0.144,0.05
0.123,0.15,0.036
0.117,0.156,0.062
0.113,0.155,0.061
0.116,0.147,0.049
0.113,0.157,0.06
0.109,0.16,0.047
0.123,0.154,0.062
0.105,0.161,0.058
0.104,0.162,0.045
0.126,0.152,0.058
0.104,0.159,0.046
0.111,0.153,0.054
0.117,0.138,0.048
0.102,0.163,0.038
0.118,0.153,0.053
0.112,0.145,0.051
0.116,0.144,0.058
0.128,0.156,0.059
0.124,0.15,0.039
0.101,0.165,0.065
0.123,0.149,0.062
0.121,0.14,0.05
0.112,0.151,0.066
0.117,0.148,0.05
0.124,0.151,0.035
0.118,0.144,0.059
0.103,0.166,0.063
0.119,0.145,0.036
0.11,0.159,0.048
0.111,0.146,0.051
0.115,0.151,0.051
0.12,0.152,0.059
0.107,0.158,0.046
0.121,0.149,0.036
0.121,0.143,0.056
0.106,0.161,0.044
0.103,0.161,0.061
0.117,0.148,0.051
0.123,0.143,0.035
0.109,0.157,0.054
0.109,0.163,0.04
0.127,0.154,0.063
0.125,0.15,0.063
0.107,0.16,0.055
0.113,0.163,0.051
0.105,0.159,0.049
0.118,0.159,0.05
0.122,0.147,0.036
0.114,0.16,0.049
0.102,0.161,0.051
0.111,0.156,0.037
0.108,0.159,0.053
0.116,0.152,0.05
0.117,0.139,0.043
0.116,0.146,0.052
0.12,0.138,0.052
0.115,0.157,0.054
0.111,0.163,0.055
0.113,0.155,0.059
0.126,0.157,0.059
0.112,0.156,0.049
0.118,0.143,0.036
0.117,0.149,0.038
0.111,0.159,0.049
0.12,0.142,0.049
0.126,0.146,0.06
0.123,0.141,0.052
0.11,0.15,0.051
0.107,0.161,0.057
0.121,0.153,0.032
0.097,0.161,0.064
0.118,0.148,0.036
0.123,0.151,0.033
0.115,0.163,0.053
0.11,0.166,0.051
0.116,0.154,0.063
0.113,0.157,0.057
0.118,0.151,0.03
0.122,0.147,0.033
0.117,0.154,0.058
0.11,0.16,0.051
0.122,0.157,0.034
0.118,0.151,0.042
0.114,0.153,0.047
0.113,0.16,0.058
0.131,0.154,0.066
0.117,0.157,0.05
0.106,0.156,0.039
0.106,0.165,0.043
0.114,0.15,0.065
0.114,0.139,0.053
0.127,0.149,0.037
0.117,0.154,0.06
0.107,0.155,0.048
0.115,0.156,0.039
0.117,0.151,0.031
0.115,0.158,0.037
0.126,0.15,0.06
0.109,0.154,0.052
0.118,0.143,0.047
0.125,0.156,0.043
0.118,0.152,0.039
0.119,0.146,0.056
0.113,0.154,0.065
0.129,0.155,0.062
0.122,0.148,0.035
0.123,0.147,0.049
0.105,0.157,0.051
0.113,0.153,0.038
0.114,0.148,0.052
0.117,0.149,0.055
0.116,0.149,0.036
0.106,0.157,0.058
0.117,0.156,0.052
0.098,0.164,0.058
0.119,0.143,0.056
0.124,0.152,0.037
0.109,0.162,0.05
0.119,0.147,0.047
0.125,0.145,0.037
0.11,0.162,0.052
0.113,0.153,0.063
0.12,0.145,0.058
0.1,0.159,0.059
0.11,0.166,0.052
0.116,0.157,0.054
0.118,0.15,0.05
0.11,0.165,0.047
0.108,0.159,0.053
0.125,0.156,0.062
0.129,0.151,0.061
0.107,0.159,0.055
0.125,0.159,0.064
0.117,0.147,0.037
0.113,0.158,0.048
0.102,0.154,0.063
0.111,0.162,0.056
0.107,0.158,0.045
0.117,0.148,0.052
0.122,0.149,0.037
0.116,0.153,0.05
0.121,0.147,0.032
0.113,0.157,0.063
0.107,0.165,0.064
0.118,0.149,0.057
0.117,0.146,0.05
0.108,0.159,0.05
0.098,0.161,0.06
0.114,0.144,0.06
0.112,0.161,0.053
0.107,0.16,0.043
0.111,0.16,0.05
0.104,0.167,0.06
0.105,0.164,0.046
0.118,0.147,0.046
0.124,0.145,0.035
0.116,0.15,0.052
0.108,0.159,0.046
0.113,0.149,0.06
0.117,0.152,0.05
0.122,0.15,0.061
0.118,0.141,0.05
0.121,0.154,0.036
0.111,0.153,0.038
0.109,0.154,0.058
0.115,0.157,0.039
0.122,0.143,0.034
0.13,0.154,0.061
0.122,0.148,0.035
0.121,0.145,0.031
0.112,0.15,0.058
0.122,0.146,0.038
0.107,0.166,0.047
0.117,0.149,0.055
0.11,0.156,0.064
0.118,0.146,0.05
0.123,0.145,0.041
0.119,0.153,0.034
0.113,0.157,0.035
0.115,0.151,0.051
0.115,0.153,0.061
0.129,0.152,0.06
0.122,0.149,0.049
0.129,0.15,0.067
0.123,0.153,0.042
0.116,0.155,0.052
0.117,0.162,0.055
0.126,0.142,0.039
0.109,0.161,0.048
0.109,0.153,0.062
0.117,0.15,0.035
0.122,0.148,0.035
0.103,0.163,0.062
0.116,0.154,0.04
0.125,0.15,0.032
0.113,0.157,0.048
0.117,0.152,0.035
0.112,0.159,0.051
0.111,0.157,0.055
0.124,0.156,0.038
0.114,0.154,0.055
0.114,0.16,0.051
0.116,0.154,0.055
0.121,0.147,0.03
0.121,0.148,0.037
0.11,0.161,0.052
0.11,0.162,0.043
0.107,0.161,0.06
0.13,0.157,0.065
0.118,0.156,0.063
0.114,0.16,0.049
0.112,0.165,0.051
0.105,0.164,0.041
0.106,0.163,0.066
0.11,0.161,0.053
0.11,0.158,0.058
0.117,0.153,0.039
0.122,0.148,0.041
0.117,0.155,0.05
0.107,0.161,0.052
0.119,0.142,0.054
0.109,0.156,0.041
0.128,0.156,0.062
0.116,0.144,0.05
0.121,0.145,0.05
0.102,0.161,0.065
0.116,0.154,0.049
0.11,0.144,0.049
0.105,0.165,0.045
0.115,0.151,0.034
0.103,0.158,0.058
0.098,0.162,0.059
0.115,0.155,0.058
0.117,0.152,0.05
0.102,0.163,0.047
0.12,0.147,0.048
0.114,0.152,0.046
0.128,0.152,0.059
0.122,0.143,0.04
0.104,0.159,0.048
0.114,0.143,0.051
0.127,0.144,0.032
0.115,0.162,0.047
0.112,0.146,0.056
0.105,0.159,0.052
0.116,0.149,0.049
0.121,0.146,0.035
0.124,0.154,0.034
0.112,0.155,0.039
0.119,0.146,0.037
0.119,0.148,0.036
0.113,0.151,0.038
0.115,0.148,0.048
0.099,0.161,0.065
0.115,0.141,0.058
0.112,0.16,0.052
0.116,0.148,0.05
0.11,0.161,0.05
0.132,0.146,0.037
0.11,0.155,0.05
0.103,0.163,0.052
0.108,0.16,0.06
0.122,0.142,0.034
0.12,0.144,0.033
0.122,0.152,0.061
0.109,0.158,0.049
0.115,0.145,0.051
0.094,0.163,0.062
0.103,0.161,0.057
0.104,0.159,0.043
0.105,0.162,0.044
0.111,0.154,0.036
0.112,0.151,0.07
0.124,0.149,0.039
0.114,0.158,0.053
0.113,0.145,0.048
0.102,0.161,0.058
0.109,0.157,0.045
0.109,0.158,0.052
0.128,0.14,0.038
0.107,0.157,0.05
0.118,0.155,0.041
0.123,0.145,0.033
0.124,0.145,0.036
0.112,0.161,0.05
0.107,0.161,0.054
0.121,0.156,0.033
0.113,0.156,0.041
0.126,0.146,0.035
0.121,0.155,0.036
0.118,0.145,0.052
0.105,0.158,0.039
0.112,0.155,0.049
0.101,0.165,0.043
0.111,0.161,0.053
0.111,0.159,0.052
0.113,0.147,0.049
0.11,0.162,0.052
0.108,0.165,0.045
0.125,0.146,0.035
0.124,0.145,0.039
0.122,0.148,0.037
0.12,0.152,0.039
0.118,0.142,0.05
0.099,0.161,0.06
0.102,0.155,0.061
0.127,0.158,0.067
0.127,0.146,0.033
0.122,0.153,0.041
0.101,0.158,0.059
0.115,0.16,0.045
0.125,0.149,0.033
0.105,0.153,0.059
0.117,0.153,0.039
0.104,0.159,0.039
0.121,0.167,0.059
0.104,0.161,0.059
0.123,0.146,0.036
0.114,0.146,0.052
0.112,0.154,0.061
0.115,0.162,0.05
0.103,0.163,0.051
0.123,0.149,0.033
0.116,0.155,0.041
0.121,0.145,0.034
0.105,0.16,0.053
0.109,0.16,0.047
0.107,0.161,0.047
0.098,0.161,0.06
0.116,0.158,0.051
0.11,0.163,0.046
0.112,0.163,0.041
0.118,0.146,0.041
0.124,0.149,0.036
0.115,0.148,0.051
0.112,0.161,0.057
0.128,0.137,0.036
0.115,0.152,0.042
0.11,0.157,0.045
0.111,0.16,0.048
0.113,0.151,0.057
0.115,0.158,0.054
0.117,0.143,0.053
0.114,0.151,0.04
0.114,0.148,0.054
0.116,0.156,0.058
0.111,0.165,0.041
0.107,0.161,0.051
0.122,0.152,0.06
0.1,0.156,0.062
0.108,0.156,0.051
0.111,0.164,0.048
0.124,0.146,0.061
0.111,0.142,0.049
0.114,0.161,0.051
0.117,0.138,0.046
0.122,0.145,0.035
0.115,0.149,0.061
0.126,0.152,0.038
0.119,0.145,0.05
0.118,0.161,0.054
0.115,0.163,0.049
0.122,0.144,0.035
0.122,0.146,0.046
0.1,0.163,0.057
0.114,0.145,0.051
0.118,0.144,0.038
0.119,0.14,0.044
0.11,0.155,0.055
0.113,0.157,0.055
0.124,0.149,0.038
0.117,0.152,0.04
0.109,0.163,0.045
0.113,0.159,0.05
0.108,0.163,0.047
0.114,0.155,0.052
0.12,0.148,0.039
0.116,0.141,0.048
0.116,0.156,0.057
0.121,0.148,0.052
0.11,0.155,0.051
0.115,0.141,0.053
0.116,0.154,0.064
0.105,0.163,0.06
0.112,0.163,0.05
0.126,0.148,0.041
0.116,0.149,0.057
0.113,0.155,0.052
0.109,0.167,0.043
0.126,0.154,0.065
0.117,0.153,0.039
0.125,0.151,0.036
0.121,0.147,0.032
0.114,0.154,0.051
0.111,0.165,0.05
0.119,0.147,0.035
0.116,0.151,0.061
0.116,0.145,0.049
0.107,0.163,0.041
0.1,0.164,0.045
0.114,0.155,0.057
0.111,0.144,0.052
0.115,0.151,0.051
0.125,0.149,0.058
0.109,0.163,0.044
0.115,0.155,0.056
0.119,0.152,0.034
0.106,0.163,0.05
0.117,0.146,0.054
0.125,0.151,0.035
0.12,0.139,0.037
0.12,0.139,0.033
0.117,0.159,0.057
0.117,0.154,0.052
0.118,0.152,0.028
0.111,0.16,0.051
0.121,0.14,0.049
0.118,0.148,0.035
0.099,0.163,0.059
0.111,0.146,0.053
0.106,0.163,0.045
0.113,0.156,0.052
0.112,0.162,0.05
0.111,0.159,0.046
0.104,0.168,0.062
0.113,0.164,0.054
0.119,0.148,0.056
0.121,0.148,0.036
0.127,0.154,0.065
0.124,0.143,0.038
0.113,0.159,0.052
0.118,0.145,0.056
0.122,0.144,0.045
0.118,0.153,0.04
0.123,0.148,0.038
0.122,0.14,0.04
0.12,0.141,0.054
0.107,0.165,0.038
0.111,0.159,0.05
0.121,0.151,0.058
0.111,0.15,0.051
0.123,0.144,0.049
0.111,0.155,0.049
0.111,0.154,0.051
0.124,0.147,0.034
0.118,0.152,0.036
0.11,0.158,0.05
0.12,0.15,0.036
0.113,0.151,0.038
0.11,0.159,0.055
0.118,0.155,0.037
0.125,0.154,0.061
0.117,0.149,0.053
0.111,0.163,0.047
0.124,0.155,0.063
0.119,0.144,0.049
0.127,0.152,0.042
0.112,0.153,0.052
0.12,0.151,0.034
0.124,0.154,0.065
0.099,0.16,0.063
0.109,0.158,0.046
0.107,0.16,0.049
0.116,0.149,0.03
0.121,0.153,0.03
0.116,0.154,0.041
0.114,0.152,0.06
0.115,0.155,0.06
0.1,0.164,0.057
0.117,0.154,0.037
0.103,0.16,0.046
0.115,0.155,0.052
0.11,0.159,0.054
0.116,0.154,0.059
0.111,0.162,0.052
0.114,0.153,0.036
0.111,0.161,0.052
0.112,0.156,0.062
0.109,0.163,0.053
0.119,0.149,0.037
0.126,0.141,0.035
0.122,0.15,0.034
0.114,0.158,0.056
0.101,0.164,0.064
0.125,0.153,0.06
0.121,0.144,0.035
0.121,0.151,0.039
0.119,0.157,0.06
0.108,0.16,0.054
0.118,0.144,0.053
0.108,0.161,0.056
0.111,0.154,0.048
0.126,0.15,0.059
0.122,0.146,0.033
0.114,0.156,0.061
0.111,0.162,0.052
0.11,0.159,0.044
0.115,0.155,0.04
0.104,0.16,0.042
0.124,0.15,0.035
0.098,0.158,0.04
0.117,0.148,0.054
0.112,0.158,0.051
0.105,0.158,0.043
0.126,0.155,0.063
0.114,0.152,0.041
0.117,0.145,0.051
0.103,0.161,0.068
0.11,0.156,0.047
0.129,0.147,0.038
0.115,0.148,0.039
0.111,0.163,0.042
0.114,0.141,0.05
0.117,0.153,0.039
0.109,0.155,0.04
0.112,0.16,0.051
0.117,0.147,0.063
0.123,0.154,0.036
0.11,0.158,0.049
0.122,0.148,0.036
0.121,0.151,0.035
0.125,0.151,0.034
0.113,0.158,0.054
0.113,0.153,0.064
0.117,0.148,0.036
0.129,0.145,0.035
0.104,0.162,0.062
0.123,0.149,0.036
0.118,0.146,0.052
0.119,0.154,0.039
0.111,0.158,0.058
0.118,0.154,0.061
0.118,0.156,0.051
0.105,0.159,0.045
0.124,0.152,0.042
0.113,0.159,0.05
0.109,0.159,0.05
0.114,0.146,0.05
0.125,0.15,0.036
0.118,0.148,0.038
0.109,0.143,0.047
0.123,0.147,0.038
0.113,0.163,0.051
0.101,0.165,0.061
0.108,0.166,0.04
0.116,0.145,0.049
0.111,0.163,0.038
0.118,0.149,0.051
0.107,0.158,0.049
0.111,0.165,0.049
0.109,0.161,0.04
0.118,0.147,0.037
0.126,0.144,0.039
0.116,0.151,0.035
0.115,0.142,0.054
0.121,0.149,0.067
0.121,0.148,0.038
0.119,0.145,0.053
0.11,0.16,0.049
0.11,0.147,0.046
0.122,0.153,0.061
0.116,0.15,0.061
0.101,0.155,0.06
0.108,0.168,0.044
0.12,0.153,0.055
0.116,0.153,0.054
0.118,0.144,0.05
0.126,0.151,0.034
0.12,0.144,0.048
0.121,0.145,0.03
0.108,0.161,0.045
0.1,0.162,0.057
0.119,0.147,0.049
0.129,0.153,0.061
0.128,0.151,0.063
0.113,0.159,0.049
0.115,0.146,0.048
0.116,0.151,0.053
0.113,0.16,0.053
0.114,0.149,0.033
0.104,0.159,0.063
0.1,0.16,0.062
0.103,0.171,0.043
0.118,0.153,0.039
0.12,0.145,0.037
0.124,0.154,0.036
0.112,0.161,0.048
0.112,0.155,0.057
0.11,0.152,0.051
0.114,0.146,0.056
0.107,0.164,0.047
0.121,0.148,0.058
0.116,0.143,0.053
0.12,0.146,0.032
0.118,0.152,0.046
0.116,0.15,0.051
0.122,0.153,0.034
0.102,0.16,0.045
0.118,0.149,0.037
0.115,0.154,0.035
0.124,0.141,0.034
0.107,0.159,0.043
0.126,0.154,0.062
0.117,0.157,0.054
0.129,0.153,0.064
0.11,0.162,0.046
0.126,0.15,0.037
0.108,0.163,0.047
0.115,0.156,0.044
0.108,0.156,0.05
0.111,0.163,0.036
0.106,0.16,0.047
0.123,0.148,0.027
0.122,0.153,0.037
0.113,0.16,0.051
0.107,0.156,0.056
0.117,0.145,0.049
0.12,0.145,0.036
0.118,0.14,0.048
0.119,0.146,0.035
0.098,0.16,0.063
0.127,0.146,0.037
0.113,0.148,0.049
0.115,0.156,0.039
0.124,0.151,0.064
0.11,0.163,0.047
0.112,0.161,0.057
0.12,0.145,0.054
0.108,0.157,0.046
0.125,0.148,0.035
0.102,0.165,0.061
0.112,0.161,0.051
0.129,0.147,0.062
0.104,0.16,0.06
0.118,0.151,0.051
0.116,0.158,0.04
0.119,0.148,0.049
0.101,0.159,0.044
0.111,0.164,0.041
0.116,0.145,0.049
0.124,0.151,0.03
0.103,0.166,0.061
0.116,0.144,0.047
0.119,0.157,0.067
0.122,0.151,0.044
0.121,0.149,0.038
0.118,0.155,0.048
0.118,0.151,0.033
0.123,0.152,0.036
0.12,0.157,0.06
0.117,0.161,0.052
0.109,0.159,0.055
0.114,0.158,0.055
0.12,0.146,0.029
0.127,0.151,0.06
0.121,0.147,0.035
0.115,0.149,0.057
0.117,0.147,0.05
0.122,0.15,0.052
0.112,0.16,0.052
0.115,0.158,0.05
0.107,0.162,0.061
0.109,0.155,0.054
0.116,0.156,0.06
0.123,0.155,0.035
0.119,0.153,0.059
0.121,0.147,0.042
0.126,0.154,0.062
0.114,0.156,0.059
0.113,0.144,0.049
0.12,0.142,0.037
0.11,0.15,0.036
0.114,0.141,0.053
0.113,0.145,0.054
0.102,0.16,0.059
0.106,0.16,0.051
0.117,0.142,0.053
0.113,0.16,0.036
0.102,0.165,0.042
0.115,0.157,0.06
0.117,0.162,0.051
0.111,0.158,0.063
0.121,0.16,0.06
0.118,0.146,0.036
0.11,0.142,0.05
0.113,0.157,0.047
0.127,0.151,0.066
0.113,0.165,0.049
0.108,0.157,0.054
0.105,0.167,0.042
0.108,0.152,0.061
0.125,0.153,0.065
0.108,0.16,0.049
0.12,0.143,0.032
0.115,0.157,0.056
0.12,0.152,0.058
0.103,0.164,0.065
0.122,0.155,0.061
0.117,0.148,0.054
0.115,0.154,0.053
0.117,0.145,0.051
0.121,0.15,0.055
0.109,0.162,0.054
0.12,0.147,0.033
0.11,0.157,0.054
0.113,0.152,0.058
0.124,0.149,0.054
0.113,0.156,0.063
0.118,0.153,0.062
0.122,0.151,0.034
0.105,0.161,0.042
0.114,0.152,0.061
0.101,0.162,0.058
0.116,0.152,0.039
0.117,0.142,0.052
0.122,0.143,0.038
0.1,0.16,0.06
0.11,0.155,0.052
0.115,0.155,0.053
0.111,0.158,0.05
0.109,0.156,0.062
0.122,0.145,0.049
0.11,0.161,0.054
0.106,0.159,0.051
0.107,0.153,0.053
0.107,0.158,0.054
0.12,0.144,0.036
0.123,0.14,0.03
0.113,0.157,0.051
0.127,0.151,0.063
0.116,0.151,0.04
0.109,0.143,0.043
0.124,0.151,0.035
0.113,0.161,0.042
0.11,0.16,0.041
0.115,0.157,0.044
0.127,0.152,0.062
0.123,0.152,0.037
0.113,0.162,0.049
0.112,0.152,0.058
0.099,0.156,0.058
0.117,0.144,0.031
0.121,0.149,0.042
0.115,0.152,0.055
0.123,0.145,0.039
0.109,0.16,0.051
0.116,0.155,0.054
0.115,0.148,0.05
0.12,0.148,0.067
0.103,0.162,0.055
0.117,0.15,0.033
0.114,0.144,0.056
0.12,0.152,0.036
0.125,0.156,0.064
0.128,0.155,0.061
0.123,0.149,0.037
0.109,0.159,0.038
0.117,0.154,0.063
0.114,0.15,0.052
0.125,0.145,0.049
0.118,0.154,0.041
0.116,0.152,0.039
0.108,0.158,0.048
0.107,0.165,0.053
0.125,0.158,0.069
0.119,0.146,0.04
0.127,0.148,0.04
0.126,0.155,0.056
0.112,0.147,0.051
0.105,0.161,0.041
0.115,0.148,0.054
0.119,0.146,0.033
0.125,0.155,0.061
0.119,0.149,0.038
0.101,0.162,0.062
0.122,0.148,0.039
0.117,0.153,0.036
0.108,0.159,0.048
0.124,0.147,0.032
0.11,0.163,0.049
0.108,0.155,0.04
0.117,0.145,0.056
0.116,0.142,0.052
0.114,0.153,0.041
0.118,0.152,0.04
0.122,0.144,0.034
0.118,0.141,0.049
0.114,0.161,0.047
0.115,0.148,0.054
0.11,0.162,0.045
0.122,0.154,0.064
0.126,0.153,0.058
0.129,0.153,0.06
0.108,0.163,0.044
0.125,0.139,0.032
0.116,0.145,0.051
0.118,0.151,0.042
0.123,0.154,0.059
0.126,0.15,0.064
0.118,0.143,0.051
0.114,0.153,0.041
0.109,0.157,0.053
0.105,0.155,0.051
0.116,0.157,0.053
0.115,0.142,0.056
0.099,0.163,0.062
0.109,0.157,0.047
0.121,0.155,0.036
0.111,0.15,0.051
0.118,0.148,0.047
0.122,0.148,0.036
0.115,0.155,0.053
0.113,0.16,0.049
0.117,0.149,0.051
0.119,0.153,0.034
0.125,0.138,0.034
0.116,0.153,0.047
0.111,0.15,0.044
0.115,0.148,0.04
0.107,0.155,0.048
0.11,0.16,0.051
0.114,0.15,0.055
0.112,0.161,0.05
0.103,0.158,0.043
0.108,0.155,0.051
0.116,0.154,0.051
0.124,0.147,0.038
0.107,0.163,0.049
0.12,0.144,0.033
0.111,0.164,0.052
0.121,0.148,0.036
0.116,0.141,0.051
0.122,0.152,0.037
0.104,0.167,0.045
0.117,0.155,0.035
0.104,0.156,0.043
0.124,0.15,0.036
0.098,0.162,0.057
0.128,0.154,0.064
0.106,0.156,0.057
0.108,0.161,0.045
0.115,0.141,0.049
0.103,0.157,0.052
0.114,0.158,0.057
0.105,0.158,0.054
0.122,0.148,0.035
0.125,0.155,0.033
0.114,0.156,0.051
0.117,0.151,0.037
0.099,0.164,0.061
0.125,0.143,0.032
0.113,0.147,0.052
0.121,0.148,0.049
0.122,0.15,0.038
0.111,0.157,0.06
0.096,0.168,0.064
0.131,0.148,0.035
0.111,0.159,0.052
0.109,0.153,0.049
0.111,0.161,0.049
0.131,0.152,0.065
0.117,0.145,0.052
0.117,0.148,0.055
0.101,0.158,0.047
0.116,0.159,0.043
0.125,0.154,0.06
0.127,0.145,0.038
0.108,0.164,0.048
0.118,0.155,0.056
0.121,0.153,0.035
0.112,0.163,0.05
0.115,0.148,0.037
0.109,0.147,0.033
0.104,0.162,0.043
0.127,0.149,0.034
0.113,0.156,0.04
0.113,0.158,0.044
0.111,0.161,0.049
0.11,0.159,0.053
0.115,0.161,0.05
0.118,0.143,0.05
0.109,0.161,0.054
0.117,0.155,0.05
0.113,0.15,0.045
0.112,0.143,0.05
0.113,0.14,0.052
0.11,0.146,0.054
0.109,0.154,0.052
0.113,0.152,0.049
0.111,0.157,0.054
0.112,0.144,0.054
0.114,0.142,0.05
0.123,0.15,0.036
0.104,0.162,0.046
0.103,0.162,0.044
0.11,0.159,0.052
0.116,0.154,0.042
0.124,0.155,0.059
0.125,0.15,0.036
0.109,0.158,0.047
0.109,0.159,0.055
0.104,0.163,0.062
0.118,0.158,0.04
0.11,0.161,0.049
0.11,0.16,0.046
0.105,0.16,0.059
0.118,0.145,0.045
0.101,0.163,0.041
0.114,0.142,0.047
0.117,0.141,0.053
0.104,0.162,0.058
0.114,0.162,0.056
0.114,0.147,0.051
0.126,0.151,0.058
0.117,0.158,0.053
0.113,0.151,0.056
0.106,0.15,0.033
0.11,0.157,0.052
0.115,0.152,0.052
0.127,0.141,0.039
0.114,0.154,0.043
0.113,0.144,0.05
0.117,0.146,0.05
0.112,0.14,0.049
0.125,0.142,0.032
0.114,0.156,0.053
0.123,0.153,0.06
0.11,0.163,0.055
0.113,0.155,0.056
0.116,0.157,0.04
0.114,0.151,0.035
0.117,0.143,0.048
0.123,0.143,0.049
0.117,0.145,0.051
0.111,0.161,0.054
0.128,0.154,0.062
0.122,0.148,0.041
0.112,0.154,0.038
0.108,0.163,0.054
0.104,0.162,0.055
0.108,0.159,0.058
0.123,0.146,0.033
0.115,0.145,0.031
0.114,0.166,0.052
0.116,0.153,0.052
0.117,0.16,0.055
0.108,0.161,0.052
0.118,0.164,0.054
0.121,0.156,0.05
0.112,0.153,0.061
0.109,0.159,0.054
0.109,0.159,0.038
0.101,0.161,0.062
0.123,0.145,0.051
0.114,0.159,0.051
0.12,0.152,0.029
0.114,0.15,0.043
0.12,0.142,0.048
0.115,0.158,0.049
0.109,0.156,0.056
0.12,0.146,0.033
0.125,0.145,0.036
0.122,0.153,0.064
0.114,0.163,0.05
0.114,0.15,0.055
0.117,0.156,0.064
0.121,0.149,0.052
0.107,0.163,0.042
0.128,0.155,0.06
0.107,0.163,0.043
0.103,0.159,0.065
0.13,0.158,0.058
0.099,0.165,0.06
0.116,0.155,0.06
0.111,0.155,0.062
0.119,0.145,0.036
0.122,0.151,0.066
0.121,0.148,0.036
0.11,0.159,0.036
0.113,0.143,0.052
0.101,0.155,0.055
0.119,0.153,0.038
0.115,0.152,0.065
0.105,0.162,0.051
0.111,0.157,0.051
0.098,0.163,0.06
0.12,0.142,0.055
0.114,0.15,0.063
0.115,0.148,0.052
0.107,0.163,0.054
0.112,0.154,0.039
0.109,0.156,0.049
0.123,0.152,0.032
0.112,0.159,0.041
0.116,0.145,0.053
0.117,0.147,0.052
0.104,0.159,0.041
0.113,0.156,0.052
0.122,0.139,0.049
0.121,0.149,0.035
0.101,0.159,0.046
0.121,0.147,0.034
0.117,0.149,0.038
0.114,0.161,0.052
0.115,0.16,0.053
0.109,0.154,0.05
0.114,0.156,0.052
0.124,0.15,0.064
0.121,0.147,0.027
0.116,0.142,0.036
0.109,0.161,0.05
0.101,0.161,0.062
0.106,0.162,0.06
0.113,0.148,0.053
0.111,0.158,0.05
0.109,0.159,0.047
0.125,0.157,0.064
0.129,0.149,0.063
0.117,0.149,0.036
0.114,0.152,0.054
0.122,0.14,0.032
0.112,0.162,0.053
0.096,0.162,0.063
0.115,0.158,0.049
0.115,0.158,0.051
0.113,0.16,0.05
0.118,0.146,0.034
0.12,0.15,0.035
0.118,0.148,0.038
0.111,0.161,0.041
0.116,0.144,0.031
0.101,0.162,0.06
0.124,0.157,0.063
0.113,0.16,0.061
0.129,0.149,0.062
0.124,0.148,0.035
0.123,0.153,0.066
0.117,0.152,0.057
0.124,0.143,0.035
0.113,0.16,0.05
0.118,0.145,0.05
0.117,0.151,0.062
0.116,0.146,0.055
0.122,0.15,0.042
0.109,0.158,0.051
0.115,0.164,0.055
0.109,0.151,0.053
0.111,0.153,0.037
0.113,0.15,0.056
0.115,0.141,0.051
0.115,0.163,0.053
0.125,0.149,0.039
0.101,0.161,0.058
0.123,0.139,0.032
0.116,0.142,0.052
0.114,0.147,0.035
0.113,0.156,0.047
0.108,0.159,0.054
0.117,0.145,0.049
0.119,0.145,0.036
0.123,0.14,0.051
0.104,0.163,0.062
0.116,0.142,0.055
0.118,0.146,0.053
0.109,0.153,0.053
0.122,0.154,0.058
0.106,0.16,0.041
0.115,0.158,0.05
0.109,0.154,0.051
0.103,0.16,0.052
0.123,0.151,0.032
0.108,0.167,0.041
0.124,0.145,0.032
0.121,0.144,0.033
0.127,0.148,0.032
0.115,0.147,0.047
0.124,0.141,0.052
0.125,0.146,0.033
0.113,0.157,0.058
0.119,0.155,0.053
0.116,0.147,0.05
0.115,0.147,0.037
0.114,0.143,0.051
0.108,0.16,0.06
0.122,0.148,0.035
0.107,0.162,0.045
0.11,0.164,0.05
0.123,0.152,0.05
0.104,0.162,0.041
0.121,0.149,0.065
0.12,0.149,0.039
0.119,0.143,0.052
0.113,0.154,0.042
0.099,0.167,0.065
0.103,0.166,0.059
0.119,0.147,0.055
0.111,0.161,0.047
0.11,0.161,0.044
0.111,0.156,0.053
0.124,0.152,0.061
0.119,0.146,0.039
0.124,0.151,0.037
0.111,0.155,0.037
0.117,0.153,0.05
0.122,0.149,0.037
0.107,0.164,0.042
0.115,0.152,0.051
0.118,0.15,0.057
0.097,0.166,0.041
0.12,0.151,0.037
0.118,0.154,0.057
0.119,0.154,0.038
0.109,0.151,0.056
0.097,0.157,0.058
0.114,0.158,0.048
0.128,0.147,0.035
0.104,0.162,0.039
0.117,0.136,0.054
0.123,0.152,0.034
0.119,0.145,0.051
0.122,0.146,0.033
0.109,0.157,0.056
0.122,0.142,0.039
0.1,0.164,0.057
0.127,0.157,0.061
0.121,0.152,0.042
0.12,0.144,0.027
0.126,0.155,0.065
0.127,0.149,0.037
0.124,0.14,0.031
0.099,0.17,0.058
0.113,0.16,0.053
0.098,0.156,0.064
0.12,0.148,0.042
0.117,0.148,0.051
0.099,0.162,0.057
0.113,0.147,0.05
0.129,0.143,0.055
0.115,0.15,0.032
0.104,0.159,0.067
0.109,0.157,0.05
0.115,0.151,0.039
0.121,0.146,0.034
0.117,0.145,0.047
0.123,0.15,0.063
0.122,0.141,0.037
0.115,0.152,0.031
0.123,0.148,0.033
0.109,0.159,0.05
0.118,0.148,0.055
0.112,0.138,0.051
0.1,0.159,0.061
0.122,0.143,0.035
0.104,0.163,0.063
0.121,0.145,0.034
0.113,0.163,0.045
0.119,0.147,0.048
0.106,0.156,0.052
0.103,0.162,0.06
0.119,0.146,0.05
0.109,0.162,0.045
0.109,0.163,0.052
0.116,0.155,0.06
0.118,0.149,0.054
0.124,0.149,0.034
0.119,0.147,0.05
0.104,0.162,0.062
0.127,0.152,0.061
0.109,0.157,0.049
0.101,0.161,0.058
0.117,0.145,0.056
0.113,0.165,0.047
0.121,0.15,0.04
0.112,0.156,0.051
0.111,0.157,0.038
0.131,0.16,0.065
0.103,0.157,0.048
0.121,0.143,0.034
0.116,0.152,0.032
0.114,0.151,0.062
0.099,0.161,0.064
0.111,0.147,0.064
0.112,0.152,0.042
0.108,0.159,0.053
0.124,0.15,0.033
0.114,0.153,0.041
0.115,0.149,0.064
0.122,0.154,0.039
0.127,0.153,0.036
0.122,0.144,0.052
0.111,0.156,0.05
0.12,0.152,0.035
0.113,0.157,0.052
0.105,0.162,0.062
0.126,0.147,0.032
0.118,0.157,0.035
0.116,0.147,0.054
0.102,0.163,0.055
0.114,0.148,0.05
0.118,0.151,0.032
0.128,0.152,0.058
0.112,0.153,0.063
0.115,0.145,0.053
0.114,0.158,0.056
0.112,0.158,0.051
0.12,0.146,0.036
0.109,0.158,0.048
0.125,0.151,0.06
0.112,0.152,0.05
0.121,0.15,0.055
0.123,0.146,0.038
0.121,0.141,0.031
0.115,0.147,0.05
0.12,0.141,0.049
0.117,0.137,0.051
0.128,0.156,0.067
0.125,0.145,0.039
0.108,0.161,0.048
0.109,0.163,0.055
0.111,0.159,0.051
0.119,0.153,0.038
0.126,0.144,0.051
0.116,0.154,0.045
0.118,0.147,0.048
0.109,0.159,0.05
0.105,0.159,0.063
0.112,0.155,0.038
0.123,0.149,0.034
0.106,0.16,0.051
0.113,0.156,0.039
0.121,0.142,0.053
0.117,0.149,0.04
0.119,0.145,0.037
0.119,0.144,0.055
0.112,0.152,0.051
0.111,0.155,0.051
0.112,0.146,0.05
0.125,0.149,0.038
0.118,0.15,0.048
0.117,0.144,0.053
0.105,0.16,0.052
0.115,0.145,0.051
0.121,0.153,0.039
0.119,0.146,0.054
0.12,0.147,0.04
0.108,0.16,0.045
0.098,0.162,0.064
0.125,0.144,0.036
0.123,0.145,0.033
0.117,0.153,0.054
0.115,0.159,0.057
0.123,0.152,0.04
0.12,0.144,0.033
0.11,0.166,0.053
0.12,0.145,0.054
0.127,0.152,0.065
0.128,0.153,0.057
0.112,0.161,0.048
0.123,0.145,0.052
0.108,0.161,0.054
0.102,0.163,0.045
0.104,0.167,0.059
0.113,0.157,0.054
0.112,0.153,0.053
0.103,0.162,0.046
0.108,0.16,0.047
0.114,0.142,0.055
0.117,0.159,0.062
0.123,0.153,0.062
0.118,0.141,0.053
0.121,0.153,0.042
0.104,0.161,0.043
0.127,0.152,0.058
0.12,0.143,0.034
0.112,0.158,0.054
0.123,0.151,0.032
0.122,0.148,0.037
0.125,0.148,0.037
0.114,0.144,0.05
0.124,0.156,0.06
0.114,0.161,0.049
0.112,0.146,0.05
0.13,0.145,0.035
0.124,0.153,0.058
0.118,0.159,0.052
0.111,0.157,0.061
0.121,0.148,0.038
0.126,0.154,0.066
0.098,0.164,0.059
0.125,0.143,0.033
0.107,0.163,0.052
0.12,0.154,0.061
0.112,0.156,0.038
0.125,0.161,0.063
0.119,0.148,0.055
0.111,0.161,0.039
0.119,0.147,0.049
0.106,0.162,0.047
0.124,0.145,0.064
0.114,0.154,0.052
0.123,0.145,0.03
0.116,0.153,0.05
0.112,0.159,0.051
0.114,0.152,0.061
0.129,0.155,0.067
0.125,0.151,0.058
0.109,0.158,0.05
0.118,0.149,0.039
0.115,0.153,0.067
0.117,0.149,0.051
0.127,0.147,0.035
0.109,0.159,0.053
0.105,0.159,0.057
0.121,0.143,0.035
0.114,0.164,0.051
0.122,0.147,0.031
0.106,0.167,0.047
0.102,0.159,0.059
0.104,0.162,0.041
0.113,0.156,0.051
0.122,0.156,0.059
0.119,0.153,0.051
0.116,0.154,0.066
0.115,0.159,0.048
0.116,0.144,0.05
0.117,0.15,0.033
0.111,0.158,0.042
0.1,0.16,0.062
0.111,0.154,0.038
0.116,0.151,0.062
0.103,0.16,0.065
0.126,0.156,0.063
0.113,0.157,0.047
0.123,0.145,0.05
0.115,0.145,0.049
0.12,0.143,0.052
0.109,0.157,0.05
0.117,0.154,0.057
0.117,0.151,0.059
0.11,0.162,0.053
0.112,0.163,0.044
0.118,0.149,0.05
0.103,0.158,0.048
0.11,0.153,0.061
0.097,0.168,0.06
0.111,0.152,0.055
0.122,0.143,0.034
0.105,0.158,0.047
0.12,0.147,0.032
0.101,0.162,0.061
0.095,0.167,0.061
0.117,0.146,0.048
0.128,0.144,0.03
0.122,0.151,0.033
0.116,0.154,0.055
0.111,0.157,0.054
0.119,0.157,0.039
0.12,0.149,0.06
0.104,0.16,0.059
0.118,0.138,0.047
0.119,0.144,0.054
0.114,0.151,0.034
0.12,0.151,0.052
0.107,0.161,0.052
0.113,0.147,0.051
0.122,0.156,0.057
0.112,0.146,0.056
0.124,0.153,0.063
0.112,0.154,0.038
0.11,0.167,0.048
0.125,0.151,0.059
0.122,0.15,0.037
0.122,0.144,0.037
0.12,0.148,0.052
0.116,0.157,0.053
0.115,0.146,0.05
0.109,0.16,0.051
0.108,0.161,0.053
0.127,0.156,0.058
0.115,0.152,0.041
0.105,0.159,0.053
0.117,0.148,0.048
0.111,0.162,0.053
0.119,0.154,0.038
0.117,0.147,0.037
0.113,0.155,0.067
0.116,0.153,0.062
0.119,0.155,0.037
0.109,0.153,0.052
0.114,0.154,0.038
0.122,0.145,0.05
0.102,0.157,0.063
0.12,0.151,0.031
0.101,0.164,0.062
0.125,0.154,0.034
0.12,0.148,0.055
0.105,0.163,0.061
0.112,0.149,0.059
0.115,0.155,0.051
0.122,0.147,0.04
0.111,0.157,0.035
0.111,0.16,0.047
0.122,0.153,0.058
0.122,0.152,0.066
0.121,0.148,0.035
0.111,0.153,0.051
0.105,0.165,0.039
0.119,0.15,0.053
0.111,0.143,0.051
0.11,0.167,0.043
0.109,0.159,0.047
0.118,0.152,0.054
0.104,0.163,0.063
0.116,0.146,0.049
0.114,0.16,0.047
0.117,0.154,0.061
0.123,0.139,0.034
0.103,0.163,0.064
0.119,0.151,0.036
0.118,0.145,0.054
0.117,0.147,0.05
0.116,0.151,0.04
0.126,0.142,0.036
0.118,0.157,0.062
0.11,0.164,0.05
0.112,0.155,0.049
0.123,0.139,0.034
0.111,0.153,0.037
0.12,0.145,0.039
0.115,0.153,0.054
0.115,0.143,0.051
0.117,0.144,0.035
0.113,0.153,0.062
0.128,0.155,0.059
0.123,0.149,0.037
0.125,0.154,0.06
0.128,0.153,0.059
0.121,0.145,0.036
0.117,0.145,0.057
0.126,0.153,0.067
0.116,0.152,0.037
0.124,0.144,0.038
0.125,0.143,0.032
0.109,0.158,0.053
0.12,0.151,0.036
0.1,0.165,0.067
0.106,0.166,0.064
0.127,0.156,0.06
0.107,0.166,0.045
0.116,0.163,0.054
0.122,0.153,0.041
0.121,0.144,0.034
0.103,0.162,0.059
0.116,0.149,0.04
0.11,0.155,0.051
0.11,0.159,0.05
0.12,0.152,0.057
0.107,0.153,0.06
0.111,0.149,0.044
0.109,0.161,0.052
0.102,0.161,0.061
0.113,0.143,0.049
0.108,0.162,0.049
0.115,0.161,0.053
0.114,0.15,0.05
0.1,0.158,0.044
0.115,0.154,0.061
0.124,0.143,0.049
0.121,0.151,0.042
0.102,0.158,0.063
0.122,0.15,0.037
0.119,0.151,0.046
0.118,0.152,0.035
0.124,0.151,0.067
0.121,0.148,0.032
0.116,0.157,0.05
0.117,0.155,0.054
0.119,0.146,0.059
0.116,0.152,0.039
0.127,0.144,0.038
0.123,0.144,0.032
0.116,0.154,0.05
0.118,0.149,0.066
0.121,0.151,0.035
0.112,0.143,0.055
0.122,0.14,0.053
0.108,0.16,0.051
0.13,0.154,0.068
0.123,0.143,0.034
0.106,0.163,0.04
0.119,0.15,0.041
0.11,0.165,0.048
0.122,0.155,0.064
0.11,0.156,0.055
0.109,0.161,0.039
0.123,0.154,0.032
0.108,0.158,0.053
0.111,0.146,0.052
0.116,0.146,0.05
0.118,0.156,0.055
0.123,0.153,0.061
0.114,0.152,0.066
0.11,0.163,0.053
0.114,0.15,0.034
0.111,0.154,0.059
0.114,0.156,0.043
0.115,0.164,0.046
0.114,0.152,0.05
0.105,0.16,0.044
0.13,0.15,0.059
0.121,0.146,0.031
0.112,0.162,0.044
0.116,0.153,0.039
0.122,0.152,0.067
0.115,0.155,0.038
0.115,0.155,0.064
0.123,0.148,0.038
0.114,0.153,0.039
0.118,0.15,0.035
0.114,0.156,0.052
0.118,0.147,0.035
0.121,0.147,0.039
0.114,0.157,0.039
0.099,0.159,0.061
0.125,0.148,0.063
0.116,0.148,0.053
0.116,0.151,0.049
0.109,0.16,0.045
0.121,0.153,0.038
0.115,0.158,0.061
0.126,0.157,0.071
0.114,0.155,0.063
0.115,0.149,0.049
0.122,0.146,0.034
0.126,0.154,0.061
0.116,0.152,0.059
0.117,0.154,0.061
0.108,0.159,0.055
0.116,0.144,0.038
0.118,0.149,0.034
0.12,0.143,0.055
0.114,0.154,0.047
0.112,0.158,0.048
0.114,0.152,0.053
0.1,0.164,0.057
0.128,0.141,0.033
0.11,0.164,0.048
0.121,0.141,0.052
0.103,0.163,0.064
0.122,0.147,0.036
0.115,0.152,0.034
0.115,0.154,0.036
0.11,0.16,0.052
0.116,0.149,0.035
0.112,0.151,0.046
0.114,0.162,0.053
0.111,0.152,0.038
0.116,0.162,0.053
0.113,0.141,0.05
0.113,0.155,0.049
0.114,0.144,0.049
0.125,0.146,0.051
0.125,0.143,0.051
0.107,0.163,0.04
0.113,0.16,0.053
0.099,0.161,0.039
0.117,0.156,0.058
0.12,0.153,0.036
0.124,0.151,0.065
0.122,0.153,0.034
0.114,0.154,0.038
0.127,0.144,0.031
0.114,0.144,0.053
0.12,0.14,0.05
0.111,0.151,0.037
0.097,0.168,0.065
0.108,0.158,0.052
0.117,0.15,0.049
0.106,0.16,0.05
0.124,0.153,0.057
0.132,0.152,0.065
0.114,0.152,0.035
0.123,0.144,0.053
0.106,0.141,0.049
0.121,0.156,0.033
0.118,0.159,0.064
0.123,0.145,0.033
0.111,0.159,0.054
0.118,0.157,0.064
0.103,0.163,0.06
0.126,0.153,0.063
0.113,0.15,0.055
0.106,0.161,0.048
0.117,0.153,0.064
0.116,0.157,0.035
0.114,0.155,0.061
0.113,0.157,0.053
0.109,0.163,0.053
0.12,0.153,0.036
0.12,0.147,0.033
0.127,0.151,0.05
0.114,0.149,0.042
0.117,0.142,0.052
0.112,0.147,0.045
0.102,0.158,0.056
0.127,0.149,0.03
0.125,0.157,0.064
0.127,0.159,0.058
0.113,0.159,0.038
0.108,0.162,0.054
0.115,0.154,0.062
0.111,0.157,0.053
0.111,0.164,0.052
0.11,0.153,0.052
0.119,0.146,0.054
0.107,0.159,0.049
0.101,0.163,0.062
0.12,0.147,0.052
0.113,0.156,0.053
0.114,0.162,0.05
0.126,0.154,0.065
0.122,0.139,0.051
0.111,0.157,0.054
0.119,0.161,0.049
0.116,0.14,0.045
0.118,0.151,0.037
0.115,0.15,0.06
0.108,0.159,0.046
0.109,0.162,0.053
0.114,0.151,0.041
0.112,0.155,0.048
0.123,0.151,0.057
0.122,0.144,0.032
0.118,0.153,0.039
0.108,0.157,0.05
0.121,0.146,0.049
0.113,0.155,0.047
0.114,0.144,0.052
0.109,0.159,0.055
0.128,0.146,0.058
0.119,0.148,0.039
0.106,0.161,0.042
0.12,0.144,0.033
0.112,0.162,0.046
0.132,0.156,0.06
0.128,0.149,0.063
0.123,0.146,0.039
0.118,0.142,0.051
0.101,0.165,0.06
0.131,0.147,0.034
0.11,0.168,0.044
0.106,0.162,0.037
0.119,0.15,0.037
0.121,0.154,0.038
0.115,0.141,0.054
0.111,0.157,0.062
0.119,0.147,0.049
0.113,0.146,0.052
0.107,0.166,0.04
0.115,0.149,0.049
0.116,0.153,0.033
0.119,0.148,0.035
0.113,0.152,0.066
0.109,0.159,0.046
0.115,0.157,0.051
0.115,0.149,0.031
0.121,0.143,0.03
0.112,0.149,0.052
0.101,0.16,0.057
0.11,0.159,0.059
0.12,0.152,0.032
0.105,0.164,0.039
0.126,0.158,0.064
0.127,0.155,0.055
0.105,0.158,0.044
0.118,0.159,0.05
0.117,0.151,0.058
0.102,0.16,0.061
0.104,0.167,0.058
0.123,0.144,0.032
0.126,0.151,0.035
0.108,0.162,0.05
0.111,0.164,0.051
0.125,0.153,0.036
0.108,0.156,0.041
0.109,0.16,0.051
0.121,0.147,0.034
0.119,0.15,0.054
0.124,0.148,0.036
0.106,0.16,0.049
0.104,0.163,0.039
0.102,0.166,0.06
0.102,0.159,0.064
0.11,0.159,0.056
0.111,0.164,0.04
0.125,0.143,0.03
0.111,0.161,0.045
0.121,0.154,0.034
0.115,0.152,0.06
0.113,0.159,0.052
0.106,0.162,0.066
0.123,0.147,0.041
0.105,0.159,0.065
0.109,0.161,0.058
0.124,0.155,0.035
0.114,0.157,0.055
0.122,0.146,0.04
0.116,0.155,0.06
0.126,0.151,0.061
0.119,0.155,0.062
0.116,0.157,0.047
0.111,0.146,0.058
0.109,0.16,0.053
0.115,0.141,0.054
0.126,0.144,0.037
0.112,0.156,0.047
0.115,0.154,0.061
0.124,0.151,0.032
0.113,0.155,0.037
0.107,0.159,0.042
0.115,0.142,0.046
0.126,0.149,0.058
0.111,0.159,0.049
0.123,0.147,0.035
0.12,0.153,0.035
0.118,0.154,0.062
0.1,0.154,0.055
0.118,0.144,0.032
0.109,0.16,0.061
0.116,0.149,0.05
0.12,0.147,0.04
0.104,0.164,0.065
0.121,0.138,0.051
0.116,0.155,0.039
0.125,0.157,0.065
0.114,0.159,0.052
0.117,0.152,0.065
0.111,0.158,0.05
0.111,0.156,0.051
0.112,0.149,0.058
0.112,0.161,0.049
0.109,0.157,0.041
0.119,0.155,0.062
0.109,0.163,0.042
0.112,0.157,0.055
0.106,0.16,0.061
0.113,0.157,0.06
0.115,0.143,0.052
0.119,0.142,0.035
0.115,0.151,0.051
0.111,0.167,0.048
0.112,0.141,0.051
0.105,0.158,0.043
0.127,0.15,0.066
0.121,0.144,0.049
0.123,0.15,0.052
0.11,0.157,0.052
0.134,0.152,0.063
0.125,0.147,0.032
0.116,0.157,0.062
0.11,0.155,0.046
0.113,0.141,0.048
0.118,0.161,0.046
0.125,0.146,0.038
0.123,0.149,0.039
0.112,0.16,0.037
0.115,0.161,0.05
0.127,0.149,0.068
0.106,0.158,0.047
0.112,0.157,0.048
0.11,0.158,0.057
0.102,0.165,0.062
0.113,0.15,0.044
0.119,0.144,0.056
0.108,0.15,0.051
0.116,0.141,0.055
0.115,0.161,0.044
0.118,0.146,0.034
0.104,0.158,0.049
0.122,0.151,0.045
0.115,0.148,0.053
0.117,0.142,0.038
0.113,0.157,0.049
0.116,0.157,0.056
0.12,0.15,0.033
0.112,0.159,0.048
0.102,0.167,0.044
0.119,0.154,0.041
0.11,0.155,0.052
0.109,0.157,0.045
0.113,0.156,0.062
0.11,0.157,0.052
0.112,0.161,0.049
0.112,0.15,0.052
0.115,0.163,0.056
0.118,0.14,0.045
0.129,0.154,0.065
0.128,0.142,0.035
0.12,0.142,0.049
0.118,0.145,0.036
0.106,0.164,0.054
0.124,0.145,0.029
0.112,0.166,0.051
0.117,0.144,0.034
0.113,0.149,0.053
0.123,0.151,0.035
0.129,0.147,0.032
0.122,0.151,0.059
0.113,0.159,0.05
0.112,0.157,0.038
0.116,0.165,0.052
0.126,0.145,0.041
0.119,0.15,0.05
0.109,0.16,0.05
0.117,0.153,0.041
0.126,0.157,0.062
0.114,0.152,0.051
0.12,0.15,0.038
0.113,0.157,0.037
0.116,0.163,0.05
0.113,0.164,0.05
0.124,0.142,0.039
0.109,0.16,0.051
0.113,0.161,0.052
0.114,0.157,0.053
0.114,0.143,0.032
0.12,0.154,0.037
0.113,0.165,0.055
0.131,0.153,0.068
0.112,0.158,0.064
0.115,0.15,0.065
0.124,0.147,0.039
0.106,0.162,0.044
0.125,0.141,0.034
0.101,0.163,0.058
0.113,0.155,0.06
0.106,0.16,0.046
0.115,0.161,0.05
0.109,0.162,0.042
0.112,0.161,0.051
0.12,0.152,0.042
0.115,0.163,0.052
0.11,0.156,0.046
0.115,0.152,0.037
0.118,0.151,0.035
0.107,0.159,0.044
0.123,0.153,0.059
0.115,0.148,0.05
0.117,0.147,0.049
0.106,0.16,0.041
0.119,0.151,0.035
0.121,0.152,0.038
0.112,0.145,0.057
0.114,0.152,0.045
0.101,0.159,0.062
0.127,0.148,0.061
0.12,0.148,0.038
0.118,0.155,0.052
0.096,0.16,0.044
0.109,0.161,0.038
0.115,0.156,0.068
0.101,0.164,0.066
0.121,0.147,0.038
0.116,0.152,0.052
0.122,0.148,0.038
0.117,0.142,0.051
0.108,0.158,0.047
0.126,0.151,0.034
0.118,0.153,0.048
0.107,0.163,0.043
0.105,0.163,0.045
0.109,0.162,0.05
0.121,0.144,0.03
0.122,0.151,0.051
0.107,0.158,0.063
0.111,0.147,0.04
0.108,0.16,0.047
0.113,0.163,0.052
0.122,0.156,0.064
0.123,0.146,0.03
0.117,0.152,0.035
0.109,0.159,0.054
0.108,0.16,0.064
0.12,0.151,0.04
0.125,0.147,0.061
0.111,0.163,0.054
0.103,0.16,0.05
0.114,0.151,0.041
0.111,0.149,0.046
0.098,0.166,0.056
0.11,0.15,0.055
0.129,0.147,0.03
0.119,0.15,0.032
0.1,0.165,0.061
0.118,0.15,0.03
0.123,0.156,0.063
0.112,0.158,0.05
0.113,0.157,0.051
0.114,0.143,0.048
0.125,0.15,0.067
0.125,0.151,0.034
0.114,0.152,0.064
0.119,0.151,0.054
0.129,0.151,0.036
0.107,0.162,0.048
0.111,0.156,0.053
0.12,0.158,0.063
0.112,0.163,0.043
0.114,0.155,0.052
0.112,0.164,0.05
0.11,0.161,0.053
0.113,0.158,0.049
0.116,0.143,0.046
0.119,0.15,0.032
0.124,0.144,0.037
0.112,0.139,0.055
0.116,0.149,0.047
0.114,0.154,0.051
0.115,0.142,0.049
0.111,0.157,0.04
0.107,0.159,0.051
0.098,0.163,0.057
0.116,0.146,0.055
0.126,0.142,0.047
0.118,0.145,0.036
0.116,0.144,0.057
0.127,0.141,0.03
0.126,0.149,0.066
0.124,0.147,0.035
0.116,0.149,0.05
0.108,0.169,0.047
0.121,0.148,0.032
0.114,0.165,0.047
0.12,0.152,0.037
0.128,0.142,0.038
0.11,0.161,0.05
0.124,0.143,0.051
0.114,0.147,0.038
0.113,0.149,0.048
0.117,0.152,0.038
0.118,0.158,0.041
0.108,0.163,0.06
0.114,0.153,0.036
0.12,0.146,0.03
0.107,0.151,0.055
0.12,0.149,0.037
0.113,0.152,0.061
0.109,0.162,0.049
0.12,0.144,0.053
0.107,0.162,0.043
0.118,0.146,0.057
0.121,0.144,0.036
0.121,0.151,0.039
0.113,0.156,0.064
0.102,0.156,0.063
0.105,0.162,0.067
0.113,0.157,0.052
0.117,0.143,0.037
0.117,0.158,0.053
0.115,0.149,0.052
0.127,0.142,0.032
0.113,0.162,0.053
0.119,0.161,0.036
0.122,0.151,0.038
0.11,0.154,0.053
0.121,0.144,0.037
0.12,0.141,0.035
0.112,0.158,0.053
0.122,0.146,0.034
0.116,0.146,0.051
0.118,0.15,0.031
0.118,0.146,0.039
0.116,0.154,0.036
0.102,0.163,0.059
0.121,0.139,0.037
0.114,0.153,0.043
0.126,0.156,0.062
0.113,0.144,0.052
0.117,0.143,0.054
0.115,0.143,0.05
0.112,0.154,0.064
0.123,0.142,0.036
0.107,0.159,0.052
0.112,0.154,0.033
0.117,0.143,0.036
0.121,0.148,0.033
0.125,0.15,0.061
0.116,0.153,0.063
0.124,0.152,0.064
0.116,0.149,0.059
0.115,0.151,0.038
0.105,0.166,0.046
0.109,0.158,0.058
0.106,0.144,0.056
0.123,0.15,0.035
0.114,0.151,0.053
0.114,0.158,0.05
0.12,0.144,0.045
0.118,0.158,0.064
0.119,0.153,0.037
0.116,0.153,0.042
0.125,0.145,0.034
0.12,0.143,0.05
0.126,0.14,0.029
0.104,0.159,0.056
0.115,0.158,0.048
0.116,0.148,0.046
0.113,0.149,0.032
0.117,0.152,0.039
0.115,0.152,0.061
0.121,0.141,0.039
0.121,0.149,0.037
0.122,0.144,0.034
0.126,0.15,0.038
0.117,0.151,0.038
0.12,0.143,0.057
0.098,0.167,0.043
0.118,0.148,0.039
0.112,0.16,0.049
0.126,0.147,0.03
0.124,0.147,0.034
0.106,0.156,0.044
0.113,0.164,0.048
0.119,0.152,0.062
0.115,0.147,0.048
0.114,0.155,0.055
0.125,0.143,0.052
0.115,0.154,0.039
0.127,0.144,0.036
0.11,0.158,0.05
0.114,0.156,0.051
0.111,0.16,0.053
0.126,0.146,0.038
0.117,0.155,0.065
0.111,0.152,0.031
0.112,0.157,0.051
0.107,0.162,0.045
0.102,0.16,0.06
0.131,0.155,0.067
0.119,0.146,0.038
0.112,0.155,0.049
0.108,0.169,0.049
0.124,0.15,0.04
0.117,0.155,0.059
0.125,0.146,0.034
0.101,0.161,0.062
0.106,0.163,0.055
0.117,0.137,0.055
0.117,0.145,0.056
0.126,0.146,0.034
0.115,0.153,0.041
0.115,0.155,0.044
0.121,0.147,0.038
0.111,0.163,0.05
0.114,0.156,0.047
0.123,0.145,0.034
0.116,0.142,0.048
0.108,0.161,0.038
0.1,0.162,0.063
0.119,0.15,0.033
0.113,0.152,0.054
0.118,0.138,0.028
0.114,0.15,0.064
0.121,0.146,0.039
0.11,0.157,0.052
0.102,0.165,0.058
0.11,0.157,0.052
0.115,0.145,0.049
0.117,0.15,0.036
0.126,0.155,0.062
0.121,0.147,0.033
0.118,0.141,0.053
0.102,0.158,0.053
0.114,0.155,0.06
0.101,0.168,0.059
0.116,0.153,0.057
0.112,0.161,0.054
0.107,0.16,0.052
0.106,0.157,0.049
0.104,0.161,0.059
0.119,0.145,0.032
0.12,0.143,0.032
0.12,0.146,0.042
0.122,0.143,0.046
0.102,0.157,0.045
0.1,0.158,0.064
0.107,0.162,0.051
0.118,0.142,0.055
0.121,0.149,0.036
0.115,0.155,0.052
0.107,0.159,0.042
0.112,0.161,0.053
0.114,0.152,0.035
0.123,0.15,0.028
0.122,0.144,0.054
0.112,0.152,0.059
0.125,0.148,0.033
0.122,0.148,0.04
0.122,0.156,0.041
0.108,0.158,0.046
0.108,0.142,0.052
0.11,0.162,0.047
0.109,0.161,0.054
0.111,0.149,0.053
0.107,0.163,0.053
0.114,0.146,0.051
0.121,0.141,0.049
0.113,0.156,0.053
0.118,0.145,0.052
0.114,0.154,0.045
0.102,0.162,0.052
0.116,0.147,0.046
0.102,0.169,0.06
0.117,0.155,0.05
0.098,0.163,0.063
0.114,0.152,0.038
0.118,0.149,0.037
0.112,0.147,0.06
0.108,0.158,0.047
0.104,0.157,0.049
0.119,0.158,0.061
0.122,0.153,0.037
0.112,0.152,0.063
0.125,0.146,0.032
0.123,0.143,0.055
0.118,0.148,0.051
0.109,0.157,0.041
0.104,0.162,0.061
0.123,0.147,0.032
0.113,0.169,0.04
0.121,0.145,0.04
0.117,0.143,0.049
0.115,0.145,0.048
0.113,0.152,0.034
0.112,0.165,0.048
0.117,0.143,0.054
0.125,0.141,0.054
0.106,0.16,0.042
0.125,0.146,0.034
0.121,0.15,0.037
0.128,0.145,0.032
0.106,0.161,0.04
0.113,0.154,0.063
0.12,0.145,0.055
0.113,0.156,0.049
0.113,0.161,0.053
0.117,0.144,0.048
0.116,0.143,0.052
0.1,0.164,0.063
0.114,0.155,0.059
0.127,0.15,0.037
0.114,0.154,0.052
0.121,0.157,0.044
0.109,0.157,0.051
0.12,0.144,0.051
0.104,0.161,0.06
0.102,0.154,0.064
0.12,0.152,0.027
0.114,0.163,0.057
0.126,0.155,0.064
0.115,0.143,0.048
0.111,0.162,0.051
0.109,0.159,0.052
0.124,0.147,0.035
0.113,0.159,0.047
0.116,0.152,0.049
0.114,0.153,0.036
0.114,0.147,0.06
0.111,0.162,0.051
0.111,0.149,0.06
0.108,0.157,0.048
0.111,0.161,0.051
0.118,0.15,0.031
0.108,0.156,0.034
0.113,0.153,0.059
0.119,0.151,0.038
0.119,0.142,0.053
0.114,0.157,0.063
0.109,0.159,0.051
0.113,0.146,0.042
0.116,0.154,0.055
0.123,0.143,0.036
0.115,0.145,0.05
0.115,0.141,0.05
0.127,0.15,0.064
0.11,0.156,0.052
0.117,0.147,0.058
0.117,0.157,0.057
0.122,0.145,0.049
0.116,0.159,0.041
0.12,0.143,0.048
0.115,0.156,0.051
0.115,0.152,0.05
0.11,0.161,0.046
0.119,0.149,0.032
0.114,0.144,0.054
0.118,0.142,0.049
0.112,0.15,0.052
0.101,0.16,0.064
0.117,0.15,0.036
0.115,0.146,0.05
0.121,0.145,0.032
0.124,0.149,0.058
0.109,0.158,0.053
0.116,0.151,0.04
0.115,0.148,0.066
0.12,0.143,0.035
0.113,0.162,0.054
0.105,0.16,0.051
0.117,0.146,0.051
0.119,0.139,0.044
0.108,0.158,0.043
0.125,0.141,0.058
0.126,0.145,0.04
0.116,0.151,0.038
0.117,0.151,0.04
0.108,0.16,0.047
0.126,0.153,0.067
0.114,0.142,0.046
0.116,0.149,0.04
0.104,0.166,0.041
0.129,0.157,0.063
0.1,0.16,0.057
0.116,0.155,0.063
0.124,0.156,0.061
0.115,0.146,0.033
0.114,0.152,0.055
0.103,0.164,0.041
0.115,0.154,0.049
0.116,0.147,0.051
0.119,0.149,0.037
0.125,0.152,0.065
0.126,0.157,0.065
0.12,0.143,0.036
0.117,0.155,0.051
0.112,0.151,0.062
0.116,0.158,0.053
0.101,0.161,0.059
0.107,0.158,0.06
0.111,0.158,0.051
0.108,0.157,0.054
0.111,0.155,0.053
0.114,0.149,0.037
0.122,0.147,0.031
0.116,0.154,0.04
0.123,0.147,0.034
0.113,0.157,0.057
0.103,0.16,0.058
0.107,0.164,0.054
0.122,0.143,0.037
0.105,0.164,0.052
0.127,0.153,0.06
0.108,0.155,0.051
0.12,0.144,0.05
0.121,0.154,0.064
0.126,0.15,0.04
0.108,0.162,0.047
0.131,0.154,0.062
0.105,0.164,0.043
0.127,0.154,0.06
0.104,0.16,0.062
0.104,0.164,0.065
0.109,0.159,0.054
0.109,0.162,0.045
0.106,0.16,0.054
0.122,0.146,0.035
0.113,0.171,0.05
0.114,0.146,0.053
0.119,0.145,0.033
0.113,0.158,0.055
0.116,0.145,0.046
0.126,0.152,0.035
0.109,0.165,0.04
0.118,0.155,0.063
0.109,0.165,0.046
0.114,0.16,0.05
0.126,0.154,0.063
0.107,0.158,0.046
0.123,0.147,0.034
0.114,0.161,0.052
0.114,0.154,0.055
0.125,0.145,0.037
0.116,0.153,0.061
0.115,0.155,0.05
0.116,0.149,0.05
0.109,0.162,0.046
0.115,0.158,0.053
0.123,0.151,0.039
0.12,0.154,0.061
0.111,0.157,0.038
0.111,0.158,0.048
0.125,0.151,0.031
0.123,0.145,0.037
0.122,0.141,0.052
0.124,0.149,0.04
0.11,0.162,0.053
0.114,0.162,0.04
0.121,0.149,0.057
0.116,0.157,0.037
0.118,0.156,0.06
0.132,0.147,0.066
0.122,0.146,0.04
0.107,0.165,0.054
0.115,0.155,0.05
0.125,0.153,0.063
0.114,0.161,0.052
0.125,0.156,0.063
0.118,0.145,0.049
0.111,0.157,0.05
0.123,0.147,0.035
0.11,0.151,0.036
0.117,0.142,0.051
0.114,0.158,0.065
0.115,0.15,0.034
0.116,0.145,0.05
0.114,0.16,0.051
0.114,0.144,0.052
0.111,0.153,0.069
0.117,0.148,0.032
0.116,0.153,0.048
0.112,0.152,0.055
0.115,0.158,0.061
0.113,0.166,0.051
0.114,0.159,0.054
0.131,0.153,0.062
0.118,0.149,0.03
0.111,0.159,0.039
0.122,0.159,0.062
0.118,0.148,0.035
0.114,0.163,0.058
0.115,0.151,0.047
0.099,0.161,0.064
0.111,0.162,0.051
0.114,0.167,0.048
0.105,0.164,0.065
0.11,0.148,0.06
0.105,0.166,0.064
0.124,0.149,0.061
0.099,0.164,0.06
0.13,0.144,0.031
0.129,0.151,0.064
0.107,0.168,0.062
0.112,0.158,0.051
0.108,0.164,0.051
0.116,0.153,0.052
0.107,0.167,0.061
0.118,0.162,0.054
0.116,0.153,0.063
0.126,0.151,0.039
0.12,0.153,0.046
0.128,0.147,0.035
0.111,0.146,0.052
0.116,0.151,0.053
0.117,0.153,0.041
0.108,0.157,0.054
0.12,0.153,0.039
0.103,0.162,0.039
0.1,0.16,0.037
0.116,0.159,0.05
0.124,0.143,0.035
0.114,0.164,0.054
0.106,0.163,0.035
0.116,0.158,0.036
0.115,0.152,0.039
0.12,0.153,0.036
0.117,0.142,0.053
0.114,0.157,0.044
0.123,0.159,0.061
0.129,0.142,0.032
0.124,0.147,0.034
0.115,0.149,0.052
0.114,0.155,0.038
0.117,0.147,0.05
0.115,0.16,0.055
0.115,0.161,0.051
0.128,0.149,0.061
0.104,0.158,0.062
0.114,0.157,0.05
0.119,0.147,0.034
0.116,0.157,0.054
0.105,0.161,0.039
0.121,0.161,0.061
0.101,0.163,0.064
0.113,0.151,0.05
0.114,0.153,0.043
0.112,0.155,0.05
0.101,0.164,0.066
0.112,0.141,0.045
0.114,0.143,0.055
0.112,0.148,0.058
0.116,0.142,0.052
0.107,0.161,0.053
0.126,0.148,0.049
0.117,0.162,0.055
0.113,0.152,0.066
0.111,0.163,0.052
0.108,0.157,0.053
0.124,0.152,0.036
0.127,0.155,0.036
0.123,0.15,0.043
0.111,0.149,0.05
0.125,0.151,0.065
0.117,0.149,0.05
0.125,0.148,0.036
0.11,0.16,0.051
0.123,0.146,0.039
0.108,0.158,0.051
0.109,0.152,0.063
0.111,0.149,0.055
0.112,0.157,0.05
0.113,0.153,0.05
0.114,0.149,0.059
0.108,0.161,0.053
0.113,0.148,0.065
0.116,0.159,0.051
0.124,0.148,0.062
0.106,0.168,0.041
0.12,0.141,0.028
0.124,0.145,0.036
0.112,0.153,0.044
0.112,0.162,0.053
0.113,0.151,0.059
0.128,0.145,0.028
0.111,0.159,0.055
0.099,0.165,0.06
0.114,0.153,0.049
0.116,0.146,0.051
0.121,0.144,0.036
0.122,0.144,0.032
0.111,0.16,0.049
0.113,0.152,0.063
0.114,0.155,0.048
0.116,0.148,0.051
0.104,0.163,0.044
0.115,0.15,0.042
0.105,0.162,0.056
0.118,0.155,0.033
0.117,0.151,0.039
0.112,0.149,0.058
0.117,0.148,0.043
0.106,0.158,0.041
0.121,0.149,0.035
0.12,0.155,0.06
0.119,0.149,0.037
0.123,0.15,0.065
0.127,0.147,0.038
0.112,0.16,0.049
0.122,0.144,0.035
0.114,0.153,0.06
0.107,0.157,0.048
0.119,0.15,0.031
0.126,0.152,0.036
0.107,0.154,0.05
0.113,0.144,0.046
0.116,0.155,0.054
0.105,0.159,0.04
0.11,0.153,0.063
0.104,0.164,0.041
0.121,0.146,0.035
0.122,0.157,0.034
0.114,0.163,0.05
0.114,0.146,0.052
0.113,0.161,0.052
0.118,0.146,0.04
0.11,0.157,0.049
0.115,0.143,0.05
0.117,0.15,0.049
0.118,0.148,0.049
0.126,0.153,0.063
0.108,0.154,0.054
0.108,0.16,0.051
0.109,0.161,0.047
0.112,0.156,0.038
0.113,0.144,0.055
0.11,0.163,0.049
0.111,0.159,0.07
0.112,0.162,0.055
0.115,0.157,0.036
0.103,0.166,0.056
0.106,0.166,0.045
0.128,0.148,0.062
0.114,0.146,0.055
0.119,0.152,0.039
0.121,0.152,0.039
0.129,0.143,0.038
0.111,0.155,0.034
0.112,0.157,0.048
0.113,0.16,0.05
0.105,0.16,0.047
0.114,0.159,0.052
0.119,0.154,0.037
0.128,0.151,0.058
0.109,0.147,0.055
0.111,0.165,0.042
0.107,0.164,0.043
0.111,0.166,0.05
0.124,0.146,0.037
0.119,0.156,0.05
0.109,0.159,0.051
0.118,0.142,0.053
0.109,0.157,0.051
0.115,0.154,0.045
0.114,0.151,0.058
0.109,0.155,0.062
0.117,0.15,0.062
0.102,0.158,0.059
0.115,0.146,0.052
0.127,0.156,0.064
0.098,0.161,0.06
0.116,0.149,0.036
0.123,0.142,0.052
0.118,0.155,0.065
0.12,0.154,0.038
0.122,0.151,0.04
0.107,0.161,0.041
0.126,0.146,0.029
0.118,0.148,0.051
0.106,0.161,0.044
0.116,0.141,0.047
0.112,0.162,0.05
0.112,0.159,0.051
0.114,0.153,0.051
0.112,0.159,0.054
0.111,0.161,0.047
0.117,0.142,0.05
0.127,0.153,0.057
0.117,0.154,0.049
0.111,0.155,0.048
0.118,0.145,0.055
0.123,0.145,0.038
0.103,0.156,0.047
0.127,0.142,0.033
0.117,0.156,0.033
0.111,0.159,0.05
0.113,0.161,0.053
0.119,0.151,0.038
0.117,0.144,0.038
0.115,0.149,0.036
0.103,0.157,0.065
0.098,0.16,0.064
0.102,0.166,0.066
0.111,0.162,0.051
0.124,0.154,0.05
0.109,0.156,0.057
0.1,0.161,0.063
0.123,0.153,0.063
0.115,0.16,0.036
0.116,0.155,0.055
0.121,0.144,0.047
0.107,0.159,0.044
0.111,0.164,0.04
0.115,0.165,0.05
0.115,0.157,0.049
0.125,0.15,0.043
0.112,0.159,0.05
0.124,0.144,0.048
0.122,0.148,0.057
0.122,0.149,0.041
0.111,0.158,0.053
0.112,0.164,0.054
0.107,0.159,0.054
0.128,0.152,0.061
0.13,0.149,0.064
0.115,0.147,0.054
0.129,0.147,0.037
0.12,0.159,0.06
0.116,0.155,0.04
0.115,0.153,0.05
0.109,0.161,0.055
0.11,0.16,0.05
0.114,0.145,0.051
0.114,0.149,0.038
0.113,0.158,0.05
0.118,0.145,0.034
0.115,0.148,0.05
0.127,0.157,0.055
0.11,0.155,0.056
0.117,0.155,0.046
0.107,0.159,0.053
0.109,0.159,0.049
0.125,0.152,0.057
0.101,0.161,0.042
0.114,0.151,0.048
0.102,0.165,0.057
0.106,0.168,0.04
0.116,0.151,0.035
0.111,0.16,0.05
0.113,0.146,0.052
0.114,0.156,0.063
0.115,0.144,0.048
0.106,0.158,0.051
0.128,0.146,0.054
0.121,0.151,0.034
0.113,0.159,0.051
0.115,0.155,0.037
0.114,0.15,0.058
0.123,0.149,0.034
0.118,0.14,0.035
0.12,0.146,0.05
0.119,0.151,0.035
0.113,0.164,0.049
0.112,0.161,0.046
0.114,0.154,0.055
0.104,0.166,0.041
0.118,0.151,0.04
0.104,0.163,0.059
0.105,0.163,0.055
0.114,0.143,0.047
0.124,0.142,0.038
0.11,0.162,0.051
0.114,0.161,0.056
0.106,0.165,0.052
0.124,0.15,0.036
0.112,0.151,0.06
0.107,0.163,0.056
0.118,0.153,0.054
0.122,0.156,0.035
0.116,0.158,0.054
0.111,0.155,0.048
0.114,0.148,0.059
0.101,0.162,0.057
0.123,0.151,0.057
0.106,0.168,0.058
0.107,0.163,0.052
0.114,0.158,0.052
0.109,0.164,0.039
0.122,0.145,0.052
0.123,0.147,0.031
0.107,0.163,0.039
0.123,0.143,0.036
0.11,0.159,0.052
0.113,0.152,0.066
0.121,0.152,0.061
0.124,0.153,0.063
0.115,0.157,0.062
0.125,0.15,0.062
0.124,0.152,0.064
0.109,0.161,0.05
0.11,0.159,0.036
0.113,0.156,0.057
0.122,0.144,0.053
0.113,0.149,0.048
0.122,0.15,0.038
0.125,0.15,0.062
0.116,0.152,0.036
0.117,0.154,0.062
0.123,0.15,0.031
0.128,0.154,0.063
0.109,0.162,0.054
0.121,0.142,0.052
0.115,0.155,0.06
0.116,0.146,0.06
0.123,0.147,0.05
0.106,0.16,0.053
0.12,0.148,0.039
0.115,0.145,0.051
0.119,0.146,0.038
0.101,0.157,0.057
0.096,0.163,0.058
0.119,0.144,0.051
0.129,0.153,0.063
0.097,0.162,0.06
0.112,0.162,0.054
0.118,0.156,0.041
0.126,0.142,0.031
0.114,0.16,0.046
0.109,0.158,0.041
0.112,0.16,0.05
0.114,0.157,0.057
0.121,0.148,0.039
0.127,0.159,0.062
0.118,0.155,0.04
0.115,0.156,0.053
0.122,0.149,0.038
0.117,0.15,0.031
0.116,0.144,0.048
0.11,0.156,0.046
0.119,0.143,0.056
0.127,0.156,0.063
0.126,0.147,0.032
0.12,0.151,0.033
0.124,0.141,0.052
0.1,0.161,0.04
0.118,0.153,0.056
0.119,0.14,0.051
0.115,0.159,0.048
0.113,0.158,0.053
0.12,0.155,0.06
0.129,0.147,0.063
0.115,0.149,0.063
0.11,0.152,0.04
0.124,0.147,0.034
0.113,0.162,0.053
0.126,0.147,0.035
0.106,0.16,0.052
0.116,0.154,0.041
0.109,0.158,0.048
0.117,0.156,0.048
0.118,0.157,0.063
0.119,0.151,0.038
0.12,0.15,0.038
0.128,0.147,0.04
0.12,0.145,0.049
0.117,0.153,0.052
0.117,0.136,0.05
0.112,0.155,0.057
0.126,0.15,0.061
0.113,0.155,0.062
0.112,0.161,0.048
0.105,0.161,0.044
0.118,0.156,0.04
0.112,0.16,0.051
0.111,0.161,0.046
0.105,0.162,0.057
0.117,0.146,0.054
0.117,0.157,0.036
0.112,0.151,0.046
0.1,0.157,0.061
0.117,0.152,0.042
0.117,0.153,0.061
0.123,0.153,0.037
0.112,0.155,0.05
0.12,0.151,0.038
0.109,0.163,0.04
0.111,0.16,0.054
0.113,0.16,0.053
0.114,0.159,0.053
0.117,0.155,0.056
0.109,0.159,0.054
0.127,0.148,0.035
0.114,0.15,0.051
0.112,0.164,0.053
0.102,0.159,0.058
0.122,0.141,0.038
0.119,0.149,0.037
0.117,0.153,0.057
0.124,0.15,0.034
0.111,0.154,0.058
0.115,0.145,0.052
0.113,0.152,0.043
0.118,0.15,0.037
0.112,0.146,0.054
0.121,0.148,0.049
0.123,0.152,0.068
0.112,0.153,0.051
0.11,0.158,0.048
0.116,0.154,0.034
0.123,0.145,0.042
0.113,0.16,0.053
0.109,0.166,0.056
0.116,0.162,0.047
0.109,0.163,0.053
0.116,0.146,0.057
0.122,0.154,0.046
0.116,0.155,0.05
0.116,0.145,0.033
0.12,0.149,0.034
0.113,0.15,0.048
0.125,0.149,0.061
0.116,0.15,0.059
0.103,0.16,0.063
0.118,0.154,0.04
0.113,0.146,0.052
0.118,0.148,0.035
0.131,0.148,0.059
0.116,0.151,0.034
0.11,0.157,0.041
0.11,0.16,0.047
0.114,0.154,0.049
0.109,0.151,0.035
0.116,0.149,0.035
0.108,0.159,0.058
0.108,0.148,0.039
0.117,0.144,0.038
0.123,0.155,0.06
0.119,0.15,0.034
0.115,0.144,0.054
0.127,0.157,0.064
0.115,0.156,0.037
0.118,0.152,0.036
0.115,0.151,0.057
0.111,0.159,0.054
0.122,0.148,0.041
0.111,0.149,0.055
0.12,0.147,0.036
0.117,0.144,0.05
0.116,0.137,0.053
0.106,0.163,0.041
0.117,0.153,0.055
0.107,0.161,0.052
0.124,0.147,0.033
0.107,0.162,0.048
0.122,0.143,0.03
0.113,0.156,0.047
0.122,0.144,0.051
0.112,0.159,0.055
0.122,0.148,0.047
0.099,0.165,0.063
0.123,0.151,0.065
0.108,0.157,0.054
0.119,0.15,0.033
0.104,0.16,0.055
0.109,0.162,0.052
0.105,0.162,0.046
0.107,0.163,0.041
0.12,0.149,0.04
0.111,0.157,0.054
0.101,0.16,0.061
0.123,0.149,0.041
0.1,0.166,0.059
0.119,0.153,0.061
0.102,0.169,0.059
0.1,0.166,0.059
0.11,0.155,0.046
0.123,0.152,0.033
0.112,0.161,0.047
0.112,0.156,0.036
0.12,0.141,0.049
0.115,0.16,0.052
0.126,0.153,0.065
0.119,0.151,0.041
0.119,0.148,0.05
0.119,0.146,0.051
0.112,0.15,0.052
0.106,0.156,0.055
0.12,0.146,0.051
0.12,0.153,0.051
0.118,0.157,0.037
0.11,0.165,0.056
0.116,0.151,0.049
0.122,0.143,0.058
0.106,0.161,0.055
0.122,0.144,0.037
0.1,0.164,0.058
0.107,0.161,0.051
0.115,0.15,0.06
0.114,0.164,0.047
0.127,0.153,0.061
0.115,0.158,0.047
0.107,0.162,0.055
0.116,0.15,0.049
0.13,0.152,0.06
0.115,0.157,0.065
0.128,0.143,0.036
0.116,0.148,0.034
0.107,0.147,0.051
0.126,0.147,0.033
0.123,0.145,0.032
0.109,0.16,0.05
0.108,0.156,0.057
0.124,0.15,0.034
0.116,0.148,0.039
0.103,0.155,0.059
0.102,0.163,0.044
0.114,0.153,0.052
0.122,0.143,0.053
0.119,0.151,0.033
0.116,0.149,0.034
0.119,0.145,0.051
0.11,0.161,0.048
0.122,0.143,0.054
0.11,0.154,0.052
0.114,0.161,0.049
0.121,0.148,0.053
0.119,0.148,0.053
0.113,0.161,0.051
0.112,0.161,0.05
0.109,0.166,0.041
0.116,0.155,0.047
0.106,0.159,0.062
0.123,0.151,0.06
0.11,0.161,0.056
0.126,0.143,0.032
0.113,0.158,0.047
0.109,0.162,0.049
0.109,0.157,0.051
0.112,0.155,0.049
0.122,0.144,0.05
0.111,0.16,0.05
0.113,0.156,0.065
0.11,0.159,0.05
0.11,0.157,0.054
0.115,0.155,0.044
0.12,0.138,0.034
0.116,0.143,0.054
0.118,0.161,0.052
0.105,0.157,0.045
0.113,0.16,0.051
0.113,0.157,0.054
0.115,0.16,0.059
0.115,0.154,0.06
0.126,0.152,0.061
0.122,0.158,0.033
0.122,0.149,0.036
0.123,0.144,0.032
0.106,0.16,0.046
0.119,0.15,0.044
0.125,0.152,0.058
0.11,0.152,0.054
0.115,0.154,0.054
0.117,0.149,0.034
0.12,0.145,0.051
0.109,0.161,0.051
0.118,0.148,0.035
0.105,0.157,0.04
0.11,0.151,0.049
0.112,0.159,0.053
0.116,0.155,0.06
0.11,0.154,0.04
0.116,0.157,0.039
0.122,0.149,0.038
0.125,0.148,0.04
0.124,0.15,0.036
0.114,0.156,0.039
0.106,0.162,0.041
0.101,0.159,0.061
0.109,0.157,0.051
0.106,0.162,0.064
0.117,0.147,0.038
0.122,0.147,0.037
0.125,0.142,0.032
0.11,0.153,0.035
0.119,0.144,0.049
0.107,0.159,0.043
0.116,0.153,0.044
0.115,0.15,0.057
0.124,0.151,0.036
0.109,0.155,0.037
0.119,0.156,0.033
0.121,0.143,0.03
0.1,0.159,0.063
0.123,0.143,0.035
0.122,0.142,0.05
0.116,0.151,0.033
0.109,0.162,0.041
0.103,0.164,0.06
0.104,0.163,0.053
0.097,0.161,0.056
0.119,0.139,0.036
0.115,0.154,0.046
0.117,0.141,0.054
0.124,0.144,0.05
0.115,0.154,0.057
0.129,0.154,0.066
0.109,0.161,0.051
0.125,0.156,0.037
0.114,0.162,0.053
0.122,0.149,0.037
0.117,0.147,0.032
0.124,0.145,0.032
0.114,0.151,0.048
0.114,0.14,0.053
0.107,0.167,0.052
0.102,0.157,0.046
0.124,0.152,0.063
0.105,0.162,0.062
0.109,0.162,0.054
0.122,0.148,0.034
0.109,0.161,0.053
0.117,0.14,0.054
0.112,0.146,0.054
0.108,0.162,0.058
0.11,0.155,0.04
0.111,0.165,0.053
0.115,0.155,0.052
